,Name,Date,Close,High,Low,Open,Volume,Adj Close,Adjhigh,Adjlow,Adjopen,Adjvolume,Divcash,Splitfactor
0,CSRA,2015-11-30 00:00:00+00:00,31.51,32.6,29.05,29.39,8567467,30.4668642269,31.5207798729,28.0883023101,28.41704664,8567467,0.0,1.0
1,CSRA,2015-12-01 00:00:00+00:00,30.57,31.52,29.98,31.52,3789529,29.557982844,30.4765331778,28.987514742,30.4765331778,3789529,0.0,1.0
2,CSRA,2015-12-02 00:00:00+00:00,30.76,31.17,30.0,30.07,3214462,29.7416929108,30.1381198969,29.0068526438,29.0745353,3214462,0.0,1.0
3,CSRA,2015-12-03 00:00:00+00:00,29.4,30.8,27.51,30.8,8547528,28.4267155909,29.7803687143,26.5992838744,29.7803687143,8547528,0.0,1.0
4,CSRA,2015-12-04 00:00:00+00:00,29.0,30.04,28.64,28.81,5684525,28.0399575557,29.0455284473,27.6918753239,27.8562474889,5684525,0.0,1.0
5,CSRA,2015-12-07 00:00:00+00:00,28.63,29.21,28.47,29.0,3102267,27.6822063731,28.2430055242,27.527503159,28.0399575557,3102267,0.0,1.0
6,CSRA,2015-12-08 00:00:00+00:00,27.91,28.75,26.72,28.16,3959593,26.9860419096,27.7982337836,25.8354367547,27.2277656816,3959593,0.0,1.0
7,CSRA,2015-12-09 00:00:00+00:00,28.08,28.75,26.95,27.91,2887338,27.1504140746,27.7982337836,26.057822625,26.9860419096,2887338,0.0,1.0
8,CSRA,2015-12-10 00:00:00+00:00,28.54,28.78,27.6016,27.77,4056922,27.5951858151,27.8272406363,26.6878514644,26.8506765973,4056922,0.0,1.0
9,CSRA,2015-12-11 00:00:00+00:00,28.92,29.21,27.91,28.17,2172278,27.9626059486,28.2430055242,26.9860419096,27.2374346325,2172278,0.0,1.0
10,CSRA,2015-12-14 00:00:00+00:00,28.42,29.23,28.14,28.94,1354202,27.4791584046,28.2623434259,27.2084277799,27.9819438504,1354202,0.0,1.0
11,CSRA,2015-12-15 00:00:00+00:00,27.53,28.94,27.45,28.32,2341462,26.6186217761,27.9819438504,26.5412701691,27.3824688957,2341462,0.0,1.0
12,CSRA,2015-12-16 00:00:00+00:00,27.44,28.06,26.8,27.76,2268447,26.5316012182,27.1310761728,25.9127883618,26.8410076464,2268447,0.0,1.0
13,CSRA,2015-12-17 00:00:00+00:00,26.67,27.84,26.37,27.42,2308991,25.7870920003,26.9183592534,25.4970234739,26.5122633164,2308991,0.0,1.0
14,CSRA,2015-12-18 00:00:00+00:00,27.46,27.75,26.26,26.43,2705915,26.55093912,26.8313386955,25.3906650142,25.5550371792,2705915,0.0,1.0
15,CSRA,2015-12-21 00:00:00+00:00,27.36,28.13,26.77,27.84,1330391,26.4542496111,27.198758829,25.8837815092,26.9183592534,1330391,0.0,1.0
16,CSRA,2015-12-22 00:00:00+00:00,27.08,27.76,26.84,27.18,1394820,26.1835189865,26.8410076464,25.9514641653,26.2802084953,1394820,0.0,1.0
17,CSRA,2015-12-23 00:00:00+00:00,27.01,27.43,26.9,27.12,1826230,26.1158363303,26.5219322673,26.0094778706,26.22219479,1826230,0.0,1.0
18,CSRA,2015-12-24 00:00:00+00:00,28.02,28.43,26.68,26.79,723854,27.0924003693,27.4888273554,25.7967609512,25.9031194109,723854,0.0,1.0
19,CSRA,2015-12-28 00:00:00+00:00,29.49,29.53,27.88,27.99,1138682,28.5137361489,28.5524119524,26.957035057,27.0633935167,1138682,0.0,1.0
20,CSRA,2015-12-29 00:00:00+00:00,29.59,30.15,29.245,29.54,1607997,28.6104256577,29.151886907,28.2768468523,28.5620809033,1607997,0.0,1.0
21,CSRA,2015-12-30 00:00:00+00:00,29.85,30.17,29.46,29.54,1290100,28.8618183806,29.1712248088,28.4847292962,28.5620809033,1290100,0.0,1.0
22,CSRA,2015-12-31 00:00:00+00:00,30.0,30.34,29.61,29.62,945329,29.1035421526,29.433382297,28.7251961046,28.7348972853,945329,0.1,1.0
23,CSRA,2016-01-04 00:00:00+00:00,29.18,29.748,28.86,29.57,1826699,28.3080453338,28.8590723985,27.9976075508,28.6863913818,1826699,0.0,1.0
24,CSRA,2016-01-05 00:00:00+00:00,28.51,29.48,28.005,29.0,2439128,27.6580662257,28.5990807553,27.1681565995,28.1334240809,2439128,0.0,1.0
25,CSRA,2016-01-06 00:00:00+00:00,28.06,28.36,27.87,28.06,1561491,27.2215130934,27.5125485149,27.0371906598,27.2215130934,1561491,0.0,1.0
26,CSRA,2016-01-07 00:00:00+00:00,27.47,28.11,27.34,27.66,2598434,26.6491434311,27.270018997,26.5230280817,26.8334658647,2598434,0.0,1.0
27,CSRA,2016-01-08 00:00:00+00:00,27.69,28.06,27.19,27.71,2013984,26.8625694069,27.2215130934,26.377510371,26.8819717683,2013984,0.0,1.0
28,CSRA,2016-01-11 00:00:00+00:00,28.09,28.2099,27.36,27.82,2193106,27.2506166356,27.3669337924,26.5424304432,26.9886847562,2193106,0.0,1.0
29,CSRA,2016-01-12 00:00:00+00:00,29.02,29.11,27.81,28.09,1693047,28.1528264423,28.2401370688,26.9789835755,27.2506166356,1693047,0.0,1.0
30,CSRA,2016-01-13 00:00:00+00:00,28.76,29.31,28.44,29.08,1673240,27.9005957436,28.4341606831,27.5901579607,28.2110335266,1673240,0.0,1.0
31,CSRA,2016-01-14 00:00:00+00:00,29.15,29.3,28.62,28.98,1558393,28.2789417916,28.4244595024,27.7647792136,28.1140217194,1558393,0.0,1.0
32,CSRA,2016-01-15 00:00:00+00:00,28.42,28.64,27.92,28.54,2348218,27.5707555992,27.784181575,27.0856965634,27.6871697679,2348218,0.0,1.0
33,CSRA,2016-01-19 00:00:00+00:00,28.82,29.15,28.48,28.56,2939621,27.9588028279,28.2789417916,27.6289626835,27.7065721293,2939621,0.0,1.0
34,CSRA,2016-01-20 00:00:00+00:00,27.92,28.63,27.11,28.48,2302160,27.0856965634,27.7744803943,26.2999009252,27.6289626835,2302160,0.0,1.0
35,CSRA,2016-01-21 00:00:00+00:00,26.8,28.25,26.65,28.07,1601155,25.999164323,27.405835527,25.8536466122,27.2312142741,1601155,0.0,1.0
36,CSRA,2016-01-22 00:00:00+00:00,27.85,27.95,26.49,27.1,1589889,27.0177882983,27.1148001055,25.6984277208,26.2901997445,1589889,0.0,1.0
37,CSRA,2016-01-25 00:00:00+00:00,26.5,27.65,26.42,27.65,1652402,25.7081289015,26.823764684,25.6305194557,26.823764684,1652402,0.0,1.0
38,CSRA,2016-01-26 00:00:00+00:00,26.81,27.32,26.06,26.54,1540117,26.0088655037,26.5036257203,25.2812769499,25.7469336243,1540117,0.0,1.0
39,CSRA,2016-01-27 00:00:00+00:00,26.11,26.81,24.74,26.81,2822246,25.3297828535,26.0088655037,24.0007210952,26.0088655037,2822246,0.0,1.0
40,CSRA,2016-01-28 00:00:00+00:00,25.89,26.48,25.6,26.08,1050368,25.1163568777,25.68872654,24.8350226369,25.3006793113,1050368,0.0,1.0
41,CSRA,2016-01-29 00:00:00+00:00,26.78,26.92,25.71,26.08,1717956,25.9797619616,26.1155784916,24.9417356248,25.3006793113,1717956,0.0,1.0
42,CSRA,2016-02-01 00:00:00+00:00,26.81,27.06,26.38,26.74,1275421,26.0088655037,26.2513950217,25.5917147329,25.9409572387,1275421,0.0,1.0
43,CSRA,2016-02-02 00:00:00+00:00,26.46,26.62,26.02,26.46,1026734,25.6693241786,25.8245430701,25.242472227,25.6693241786,1026734,0.0,1.0
44,CSRA,2016-02-03 00:00:00+00:00,26.17,26.62,25.49,26.58,911928,25.3879899378,25.8245430701,24.728309649,25.7857383472,911928,0.0,1.0
45,CSRA,2016-02-04 00:00:00+00:00,25.84,26.65,25.74,26.19,1451959,25.0678509741,25.8536466122,24.9708391669,25.4073922992,1451959,0.0,1.0
46,CSRA,2016-02-05 00:00:00+00:00,24.64,25.88,24.5,25.71,1598220,23.903709288,25.106655697,23.767892758,24.9417356248,1598220,0.0,1.0
47,CSRA,2016-02-08 00:00:00+00:00,22.89,24.28,20.98,24.24,2828619,22.2060026624,23.5544667822,20.3530771454,23.5156620593,2828619,0.0,1.0
48,CSRA,2016-02-09 00:00:00+00:00,22.34,23.21,21.04,22.2,3112032,21.672437723,22.5164404454,20.4112842297,21.5366211929,3112032,0.0,1.0
49,CSRA,2016-02-10 00:00:00+00:00,22.34,23.85,22.04,22.29,2688693,21.672437723,23.1373160113,21.3814023015,21.6239318194,2688693,0.0,1.0
50,CSRA,2016-02-11 00:00:00+00:00,24.76,25.38,23.74,25.21,3755386,24.0201234566,24.6215966611,23.0306030234,24.4566765889,3755386,0.0,1.0
51,CSRA,2016-02-12 00:00:00+00:00,25.75,26.03,24.06,24.95,2727329,24.9805403477,25.2521734077,23.3410408064,24.2044458903,2727329,0.0,1.0
52,CSRA,2016-02-16 00:00:00+00:00,25.31,26.54,25.12,25.99,1762397,24.5536883961,25.7469336243,24.3693659625,25.2133686849,1762397,0.0,1.0
53,CSRA,2016-02-17 00:00:00+00:00,25.37,26.39,24.87,25.6,1546795,24.6118954804,25.6014159136,24.1268364445,24.8350226369,1546795,0.0,1.0
54,CSRA,2016-02-18 00:00:00+00:00,25.84,25.94,24.95,25.65,923268,25.0678509741,25.1648627813,24.2044458903,24.8835285405,923268,0.0,1.0
55,CSRA,2016-02-19 00:00:00+00:00,26.13,26.36,25.68,25.88,1007922,25.3491852149,25.5723123714,24.9126320826,25.106655697,1007922,0.0,1.0
56,CSRA,2016-02-22 00:00:00+00:00,26.69,27.45,26.17,26.59,1210187,25.8924513351,26.6297410696,25.3879899378,25.7954395279,1210187,0.0,1.0
57,CSRA,2016-02-23 00:00:00+00:00,26.2,26.93,25.4701,26.56,1396107,25.4170934799,26.1252796723,24.7090042994,25.7663359858,1396107,0.0,1.0
58,CSRA,2016-02-24 00:00:00+00:00,25.75,26.66,24.89,26.53,1632384,24.9805403477,25.863347793,24.146238806,25.7372324436,1632384,0.0,1.0
59,CSRA,2016-02-25 00:00:00+00:00,26.54,26.56,25.36,26.1,988450,25.7469336243,25.7663359858,24.6021942997,25.3200816728,988450,0.0,1.0
60,CSRA,2016-02-26 00:00:00+00:00,26.6,27.49,26.31,26.59,963624,25.8051407086,26.6685457925,25.5238064678,25.7954395279,963624,0.0,1.0
61,CSRA,2016-02-29 00:00:00+00:00,25.95,27.16,25.92,26.44,1007637,25.174563962,26.3484068288,25.1454604199,25.6499218172,1007637,0.0,1.0
62,CSRA,2016-03-01 00:00:00+00:00,25.81,26.5,25.49,26.37,957943,25.038747432,25.7081289015,24.728309649,25.5820135521,957943,0.0,1.0
63,CSRA,2016-03-02 00:00:00+00:00,25.8,26.33,25.55,25.71,887030,25.0290462512,25.5432088293,24.7865167333,24.9417356248,887030,0.0,1.0
64,CSRA,2016-03-03 00:00:00+00:00,26.12,26.26,25.59,25.77,926077,25.3394840342,25.4753005643,24.8253214562,24.9999427091,926077,0.0,1.0
65,CSRA,2016-03-04 00:00:00+00:00,25.82,26.34,25.43,26.3,841505,25.0484486127,25.55291001,24.6701025647,25.5141052871,841505,0.0,1.0
66,CSRA,2016-03-07 00:00:00+00:00,26.2,26.4,25.74,25.76,971237,25.4170934799,25.6111170943,24.9708391669,24.9902415284,971237,0.0,1.0
67,CSRA,2016-03-08 00:00:00+00:00,25.51,26.2,25.49,25.96,1060323,24.7477120104,25.4170934799,24.728309649,25.1842651427,1060323,0.0,1.0
68,CSRA,2016-03-09 00:00:00+00:00,25.33,26.0,24.93,26.0,919874,24.5730907575,25.2230698656,24.1850435288,25.2230698656,919874,0.0,1.0
69,CSRA,2016-03-10 00:00:00+00:00,24.66,25.5,24.58,25.21,751406,23.9231116494,24.7380108297,23.8455022037,24.4566765889,751406,0.0,1.0
70,CSRA,2016-03-11 00:00:00+00:00,25.01,25.23,24.72,24.94,915254,24.2626529746,24.4760789503,23.9813187338,24.1947447095,915254,0.0,1.0
71,CSRA,2016-03-14 00:00:00+00:00,25.16,25.36,24.86,24.86,769215,24.4081706853,24.6021942997,24.1171352638,24.1171352638,769215,0.0,1.0
72,CSRA,2016-03-15 00:00:00+00:00,25.07,25.3,24.67,24.97,893737,24.3208600589,24.5439872154,23.9328128302,24.2238482517,893737,0.0,1.0
73,CSRA,2016-03-16 00:00:00+00:00,24.66,25.08,24.63,24.99,809225,23.9231116494,24.3305612396,23.8940081073,24.2432506131,809225,0.0,1.0
74,CSRA,2016-03-17 00:00:00+00:00,24.8,25.27,24.66,24.72,1290271,24.0589281795,24.5148836732,23.9231116494,23.9813187338,1290271,0.0,1.0
75,CSRA,2016-03-18 00:00:00+00:00,24.51,25.19,24.45,24.94,3183169,23.7775939387,24.4372742275,23.7193868544,24.1947447095,3183169,0.0,1.0
76,CSRA,2016-03-21 00:00:00+00:00,24.59,24.98,24.3,24.62,1669197,23.8552033844,24.2335494324,23.5738691436,23.8843069266,1669197,0.0,1.0
77,CSRA,2016-03-22 00:00:00+00:00,24.19,24.74,24.19,24.45,1116931,23.4671561557,24.0007210952,23.4671561557,23.7193868544,1116931,0.0,1.0
78,CSRA,2016-03-23 00:00:00+00:00,24.17,24.26,23.66,23.66,1028851,23.4477537943,23.5350644207,22.9529935777,22.9529935777,1028851,0.0,1.0
79,CSRA,2016-03-24 00:00:00+00:00,24.36,24.735,23.89,24.03,1073966,23.6320762279,23.9958705048,23.1761207342,23.3119372642,1073966,0.0,1.0
80,CSRA,2016-03-28 00:00:00+00:00,25.86,26.11,24.3601,24.39,1578673,25.0872533356,25.3297828535,23.6321732397,23.6611797701,1578673,0.0,1.0
81,CSRA,2016-03-29 00:00:00+00:00,26.56,26.68,25.485,25.92,1389927,25.7663359858,25.8827501544,24.7234590586,25.1454604199,1389927,0.0,1.0
82,CSRA,2016-03-30 00:00:00+00:00,27.19,27.7,26.7455,26.75,1975445,26.377510371,26.8722705876,25.9462928881,25.9506584194,1975445,0.0,1.0
83,CSRA,2016-03-31 00:00:00+00:00,26.91,27.436,26.52,27.14,1640519,26.1058773109,26.6161594166,25.7275312629,26.3290044674,1640519,0.0,1.0
84,CSRA,2016-04-01 00:00:00+00:00,27.27,27.36,26.45,26.56,1276947,26.5521316239,26.6397624213,25.7537176917,25.8608219997,1276947,0.1,1.0
85,CSRA,2016-04-04 00:00:00+00:00,26.88,27.32,26.84,27.32,1131813,26.1723981683,26.6008154003,26.1334511472,26.6008154003,1131813,0.0,1.0
86,CSRA,2016-04-05 00:00:00+00:00,26.39,26.86,25.975,26.69,1312193,25.6952971601,26.1529246578,25.2912218163,25.9873998182,1312193,0.0,1.0
87,CSRA,2016-04-06 00:00:00+00:00,26.45,26.72,26.25,26.45,742461,25.7537176917,26.016610084,25.5589825863,25.7537176917,742461,0.0,1.0
88,CSRA,2016-04-07 00:00:00+00:00,25.75,26.34,25.7,26.3,1299367,25.0721448227,25.6466133837,25.0234610464,25.6076663626,1299367,0.0,1.0
89,CSRA,2016-04-08 00:00:00+00:00,25.68,26.1,25.5,25.91,963311,25.0039875358,25.4129312572,24.8287259409,25.227932907,963311,0.0,1.0
90,CSRA,2016-04-11 00:00:00+00:00,26.19,26.27,25.62,25.83,1088067,25.5005620546,25.5784560968,24.9455670042,25.1500388649,1088067,0.0,1.0
91,CSRA,2016-04-12 00:00:00+00:00,26.15,26.42,25.9,26.18,1127982,25.4616150336,25.7245074259,25.2181961518,25.4908252994,1127982,0.0,1.0
92,CSRA,2016-04-13 00:00:00+00:00,26.49,26.51,25.97,26.23,1155023,25.7926647128,25.8121382233,25.2863534387,25.5395090757,1155023,0.0,1.0
93,CSRA,2016-04-14 00:00:00+00:00,26.94,26.98,26.16,26.47,1446063,26.2308187,26.269765721,25.4713517888,25.7731912022,1446063,0.0,1.0
94,CSRA,2016-04-15 00:00:00+00:00,27.18,27.21,26.73,26.91,1098364,26.4645008265,26.4937110923,26.0263468393,26.2016084341,1098364,0.0,1.0
95,CSRA,2016-04-18 00:00:00+00:00,27.15,27.28,26.89,27.15,674261,26.4352905606,26.5618683792,26.1821349236,26.4352905606,674261,0.0,1.0
96,CSRA,2016-04-19 00:00:00+00:00,27.13,27.29,26.925,27.18,681407,26.4158170501,26.5716051344,26.2162135671,26.4645008265,681407,0.0,1.0
97,CSRA,2016-04-20 00:00:00+00:00,26.48,27.24,26.43,27.12,920121,25.7829279575,26.5229213581,25.7342441811,26.4060802948,920121,0.0,1.0
98,CSRA,2016-04-21 00:00:00+00:00,26.6,26.84,26.4,26.4,605948,25.8997690207,26.1334511472,25.7050339153,25.7050339153,605948,0.0,1.0
99,CSRA,2016-04-22 00:00:00+00:00,26.66,26.7,26.36,26.53,518687,25.9581895524,25.9971365735,25.6660868942,25.8316117338,518687,0.0,1.0
100,CSRA,2016-04-25 00:00:00+00:00,27.01,27.11,26.54,26.6,517986,26.2989759869,26.3963435396,25.8413484891,25.8997690207,517986,0.0,1.0
101,CSRA,2016-04-26 00:00:00+00:00,26.49,27.25,26.44,26.95,934117,25.7926647128,26.5326581134,25.7439809364,26.2405554552,934117,0.0,1.0
102,CSRA,2016-04-27 00:00:00+00:00,26.58,26.8,26.43,26.53,535049,25.8802955102,26.0945041262,25.7342441811,25.8316117338,535049,0.0,1.0
103,CSRA,2016-04-28 00:00:00+00:00,26.59,26.94,26.29,26.51,804366,25.8900322655,26.2308187,25.5979296073,25.8121382233,804366,0.0,1.0
104,CSRA,2016-04-29 00:00:00+00:00,25.96,26.49,25.84,26.49,794808,25.2766166834,25.7926647128,25.1597756202,25.7926647128,794808,0.0,1.0
105,CSRA,2016-05-02 00:00:00+00:00,26.03,26.28,25.78,25.94,604888,25.3447739703,25.5881928521,25.1013550885,25.2571431729,604888,0.0,1.0
106,CSRA,2016-05-03 00:00:00+00:00,25.33,25.89,25.2499,25.89,731069,24.6632011013,25.2084593965,24.5852096916,25.2084593965,731069,0.0,1.0
107,CSRA,2016-05-04 00:00:00+00:00,25.53,25.65,25.0,25.27,635863,24.8579362068,24.97477727,24.3418881774,24.6047805697,635863,0.0,1.0
108,CSRA,2016-05-05 00:00:00+00:00,25.16,25.53,24.97,25.49,1113711,24.4976762617,24.8579362068,24.3126779116,24.8189891857,1113711,0.0,1.0
109,CSRA,2016-05-06 00:00:00+00:00,25.81,25.81,24.91,25.09,624859,25.1305653543,25.1305653543,24.25425738,24.4295189748,624859,0.0,1.0
110,CSRA,2016-05-09 00:00:00+00:00,26.22,26.26,25.8191,25.82,495827,25.5297723204,25.5687193415,25.1394258016,25.1403021096,495827,0.0,1.0
111,CSRA,2016-05-10 00:00:00+00:00,26.14,26.32,25.81,26.32,607675,25.4518782783,25.6271398732,25.1305653543,25.6271398732,607675,0.0,1.0
112,CSRA,2016-05-11 00:00:00+00:00,25.18,26.09,25.18,25.95,745347,24.5171497723,25.4031945019,24.5171497723,25.2668799281,745347,0.0,1.0
113,CSRA,2016-05-12 00:00:00+00:00,24.23,25.06,23.775,25.04,1740942,23.5921580215,24.400308709,23.1491356567,24.3808351985,1740942,0.0,1.0
114,CSRA,2016-05-13 00:00:00+00:00,24.27,24.49,24.08,24.24,602684,23.6311050426,23.8453136586,23.4461066925,23.6018947768,602684,0.0,1.0
115,CSRA,2016-05-16 00:00:00+00:00,24.43,24.73,24.27,24.37,502222,23.7868931269,24.0789957851,23.6311050426,23.7284725953,502222,0.0,1.0
116,CSRA,2016-05-17 00:00:00+00:00,24.14,24.51,24.07,24.42,732706,23.5045272241,23.8647871691,23.4363699372,23.7771563717,732706,0.0,1.0
117,CSRA,2016-05-18 00:00:00+00:00,24.42,24.565,23.85,24.18,654719,23.7771563717,23.9183393231,23.2221613212,23.5434742452,654719,0.0,1.0
118,CSRA,2016-05-19 00:00:00+00:00,24.58,24.72,24.24,24.3,724702,23.932944456,24.0692590298,23.6018947768,23.6603153084,724702,0.0,1.0
119,CSRA,2016-05-20 00:00:00+00:00,25.01,25.24,24.53,24.65,649367,24.3516249327,24.5755703039,23.8842606797,24.0011017429,649367,0.0,1.0
120,CSRA,2016-05-23 00:00:00+00:00,24.87,25.29,24.85,25.06,785086,24.2153103589,24.6242540803,24.1958368483,24.400308709,785086,0.0,1.0
121,CSRA,2016-05-24 00:00:00+00:00,25.44,25.535,24.89,24.9,1016804,24.7703054093,24.8628045844,24.2347838694,24.2445206247,1016804,0.0,1.0
122,CSRA,2016-05-25 00:00:00+00:00,25.64,25.775,24.98,25.35,1807138,24.9650405147,25.0964867109,24.3224146669,24.6826746119,1807138,0.0,1.0
123,CSRA,2016-05-26 00:00:00+00:00,24.17,25.9,24.06,25.9,3353833,23.5337374899,25.2181961518,23.4266331819,25.2181961518,3353833,0.0,1.0
124,CSRA,2016-05-27 00:00:00+00:00,24.88,25.13,23.68,24.02,3101872,24.2250471141,24.4684659959,23.0566364816,23.3876861608,3101872,0.0,1.0
125,CSRA,2016-05-31 00:00:00+00:00,24.77,24.97,24.415,24.91,2118539,24.1179428062,24.3126779116,23.772287994,24.25425738,2118539,0.0,1.0
126,CSRA,2016-06-01 00:00:00+00:00,25.13,25.13,24.46,24.77,1425589,24.4684659959,24.4684659959,23.8161033928,24.1179428062,1425589,0.0,1.0
127,CSRA,2016-06-02 00:00:00+00:00,25.67,25.675,25.08,25.16,915906,24.9942507805,24.9991191582,24.4197822196,24.4976762617,915906,0.0,1.0
128,CSRA,2016-06-03 00:00:00+00:00,25.32,25.6199,24.99,25.56,1150576,24.6534643461,24.9454696366,24.3321514221,24.8871464726,1150576,0.0,1.0
129,CSRA,2016-06-06 00:00:00+00:00,24.93,25.26,24.855,25.26,1223476,24.2737308905,24.5950438144,24.200705226,24.5950438144,1223476,0.0,1.0
130,CSRA,2016-06-07 00:00:00+00:00,24.78,25.04,24.75,24.91,2511422,24.1276795614,24.3808351985,24.0984692956,24.25425738,2511422,0.0,1.0
131,CSRA,2016-06-08 00:00:00+00:00,24.51,24.86,24.19,24.72,2621341,23.8647871691,24.2055736036,23.5532110004,24.0692590298,2621341,0.0,1.0
132,CSRA,2016-06-09 00:00:00+00:00,23.81,24.56,23.71,24.5,3352023,23.1832143001,23.9134709455,23.0858467474,23.8550504138,3352023,0.0,1.0
133,CSRA,2016-06-10 00:00:00+00:00,24.26,24.33,23.35,23.52,1251038,23.7187358401,23.7871740721,22.8290388238,22.9952459587,1251038,0.1,1.0
134,CSRA,2016-06-13 00:00:00+00:00,23.85,24.55,23.79,24.11,1375826,23.3178833382,24.0022656584,23.2592219965,23.5720824857,1375826,0.0,1.0
135,CSRA,2016-06-14 00:00:00+00:00,23.61,23.995,23.52,23.76,1361156,23.0832379713,23.4596482474,22.9952459587,23.2298913256,1361156,0.0,1.0
136,CSRA,2016-06-15 00:00:00+00:00,23.17,23.68,23.16,23.54,1085044,22.6530547986,23.1516762033,22.6432779083,23.0147997393,1085044,0.0,1.0
137,CSRA,2016-06-16 00:00:00+00:00,23.04,23.2,22.86,23.07,917980,22.5259552248,22.6823854695,22.3499711997,22.5552858957,917980,0.0,1.0
138,CSRA,2016-06-17 00:00:00+00:00,22.67,23.19,22.61,23.05,1631426,22.1642102842,22.6726085792,22.1055489424,22.5357321151,1631426,0.0,1.0
139,CSRA,2016-06-20 00:00:00+00:00,22.89,23.05,22.76,22.76,1568316,22.3793018705,22.5357321151,22.2522022968,22.2522022968,1568316,0.0,1.0
140,CSRA,2016-06-21 00:00:00+00:00,23.7,23.8,22.97,22.97,1375820,23.1712299839,23.2689988868,22.4575169928,22.4575169928,1375820,0.0,1.0
141,CSRA,2016-06-22 00:00:00+00:00,24.37,24.7,23.685,23.7,2482139,23.8262816332,24.1489190127,23.1565646485,23.1712299839,2482139,0.0,1.0
142,CSRA,2016-06-23 00:00:00+00:00,24.61,24.7599,24.34,24.64,1805588,24.0609270002,24.2074825856,23.7969509624,24.090257671,1805588,0.0,1.0
143,CSRA,2016-06-24 00:00:00+00:00,23.43,24.25,23.4,23.75,5584087,22.9072539461,23.7089589498,22.8779232752,23.2201144353,5584087,0.0,1.0
144,CSRA,2016-06-27 00:00:00+00:00,22.15,23.2799,22.0699,23.19,1946273,21.6558119892,22.7605028229,21.577499098,22.6726085792,1946273,0.0,1.0
145,CSRA,2016-06-28 00:00:00+00:00,22.35,22.56,21.95,22.35,1550065,21.8513497949,22.056664491,21.4602741834,21.8513497949,1550065,0.0,1.0
146,CSRA,2016-06-29 00:00:00+00:00,22.67,22.68,22.34,22.44,1227877,22.1642102842,22.1739871745,21.8415729046,21.9393418075,1227877,0.0,1.0
147,CSRA,2016-06-30 00:00:00+00:00,23.43,23.44,22.57,22.7,1164692,22.9072539461,22.9170308364,22.0664413813,22.193540955,1164692,0.0,1.0
148,CSRA,2016-07-01 00:00:00+00:00,23.49,23.65,23.26,23.26,694203,22.9659152878,23.1223455324,22.7410468112,22.7410468112,694203,0.0,1.0
149,CSRA,2016-07-05 00:00:00+00:00,23.18,23.43,23.08,23.37,1038695,22.6628316889,22.9072539461,22.565062786,22.8485926044,1038695,0.0,1.0
150,CSRA,2016-07-06 00:00:00+00:00,23.62,23.82,22.97,23.1,1150596,23.0930148616,23.2885526674,22.4575169928,22.5846165666,1150596,0.0,1.0
151,CSRA,2016-07-07 00:00:00+00:00,23.77,23.84,23.17,23.62,1182017,23.2396682159,23.3081064479,22.6530547986,23.0930148616,1182017,0.0,1.0
152,CSRA,2016-07-08 00:00:00+00:00,24.01,24.07,23.68,23.93,930172,23.4743135828,23.5329749246,23.1516762033,23.3960984605,930172,0.0,1.0
153,CSRA,2016-07-11 00:00:00+00:00,24.39,24.42,23.54,23.97,1220311,23.8458354138,23.8751660847,23.0147997393,23.4352060217,1220311,0.0,1.0
154,CSRA,2016-07-12 00:00:00+00:00,25.2,25.31,24.46,24.5,1848122,24.6377635272,24.7453093204,23.9142736458,23.953381207,1848122,0.0,1.0
155,CSRA,2016-07-13 00:00:00+00:00,25.08,25.39,24.98,25.3,883452,24.5204408437,24.8235244427,24.4226719408,24.7355324301,883452,0.0,1.0
156,CSRA,2016-07-14 00:00:00+00:00,24.89,25.35,24.77,25.2,749573,24.3346799282,24.7844168815,24.2173572448,24.6377635272,749573,0.0,1.0
157,CSRA,2016-07-15 00:00:00+00:00,24.51,24.89,24.4,24.89,810293,23.9631580973,24.3346799282,23.8556123041,24.3346799282,810293,0.0,1.0
158,CSRA,2016-07-18 00:00:00+00:00,25.1,25.13,24.38,24.59,872579,24.5399946243,24.5693252952,23.8360585235,24.0413732196,872579,0.0,1.0
159,CSRA,2016-07-19 00:00:00+00:00,24.93,25.16,24.71,25.0,817549,24.3737874894,24.598655966,24.158695903,24.4422257214,817549,0.0,1.0
160,CSRA,2016-07-20 00:00:00+00:00,25.16,25.31,25.0,25.01,889617,24.598655966,24.7453093204,24.4422257214,24.4520026117,889617,0.0,1.0
161,CSRA,2016-07-21 00:00:00+00:00,25.13,25.32,24.98,25.03,1360070,24.5693252952,24.7550862106,24.4226719408,24.4715563923,1360070,0.0,1.0
162,CSRA,2016-07-22 00:00:00+00:00,25.56,25.61,25.08,25.21,931787,24.9897315776,25.038616029,24.5204408437,24.6475404175,931787,0.0,1.0
163,CSRA,2016-07-25 00:00:00+00:00,25.91,26.15,25.59,25.59,1171900,25.3319227377,25.5665681046,25.0190622484,25.0190622484,1171900,0.0,1.0
164,CSRA,2016-07-26 00:00:00+00:00,26.6,26.665,25.855,25.96,1477651,26.0065281676,26.0700779545,25.2781498411,25.3808071891,1477651,0.0,1.0
165,CSRA,2016-07-27 00:00:00+00:00,26.86,26.96,26.42,26.64,1195577,26.2607273151,26.358496218,25.8305441424,26.0456357287,1195577,0.0,1.0
166,CSRA,2016-07-28 00:00:00+00:00,27.01,27.09,26.625,26.92,1056753,26.4073806694,26.4855957917,26.0309703933,26.3193886568,1056753,0.0,1.0
167,CSRA,2016-07-29 00:00:00+00:00,26.92,27.23,26.77,27.05,1286011,26.3193886568,26.6224722558,26.1727353025,26.4464882306,1286011,0.0,1.0
168,CSRA,2016-08-01 00:00:00+00:00,26.57,27.03,26.5,26.93,1535685,25.9771974967,26.42693445,25.9087592647,26.3291655471,1535685,0.0,1.0
169,CSRA,2016-08-02 00:00:00+00:00,25.85,26.662,25.65,26.46,1325739,25.2732613959,26.0671448874,25.0777235902,25.8696517035,1325739,0.0,1.0
170,CSRA,2016-08-03 00:00:00+00:00,26.1,26.3,25.78,25.85,1166534,25.5176836531,25.7132214589,25.2048231639,25.2732613959,1166534,0.0,1.0
171,CSRA,2016-08-04 00:00:00+00:00,25.85,26.2099,25.82,26.06,1565137,25.2732613959,25.6251316774,25.2439307251,25.478576092,1565137,0.0,1.0
172,CSRA,2016-08-05 00:00:00+00:00,26.24,26.48,25.88,25.89,1817363,25.6545601172,25.8892054841,25.3025920668,25.3123689571,1817363,0.0,1.0
173,CSRA,2016-08-08 00:00:00+00:00,25.84,26.49,25.7,26.3,1797062,25.2634845056,25.8989823744,25.1266080416,25.7132214589,1797062,0.0,1.0
174,CSRA,2016-08-09 00:00:00+00:00,25.82,26.19,25.74,25.89,1903379,25.2439307251,25.6056756657,25.1657156028,25.3123689571,1903379,0.0,1.0
175,CSRA,2016-08-10 00:00:00+00:00,26.28,26.45,25.8,25.8,3330135,25.6936676783,25.8598748132,25.2243769445,25.2243769445,3330135,0.0,1.0
176,CSRA,2016-08-11 00:00:00+00:00,26.5,27.49,26.35,27.0,2239735,25.9087592647,26.8766714033,25.7621059104,26.3976037791,2239735,0.0,1.0
177,CSRA,2016-08-12 00:00:00+00:00,25.94,26.278,25.67,26.26,1781541,25.3612534085,25.6917123003,25.0972773707,25.6741138978,1781541,0.0,1.0
178,CSRA,2016-08-15 00:00:00+00:00,26.14,26.375,25.71,26.08,1290043,25.5567912143,25.7865481361,25.1363849319,25.4981298726,1290043,0.0,1.0
179,CSRA,2016-08-16 00:00:00+00:00,25.38,26.13,25.365,26.13,1372737,24.8137475524,25.547014324,24.7990822169,25.547014324,1372737,0.0,1.0
180,CSRA,2016-08-17 00:00:00+00:00,25.17,25.48,25.0,25.23,2079819,24.6084328563,24.9115164553,24.4422257214,24.667094198,2079819,0.0,1.0
181,CSRA,2016-08-18 00:00:00+00:00,25.21,25.255,24.96,25.15,1174960,24.6475404175,24.6915364238,24.4031181603,24.5888790757,1174960,0.0,1.0
182,CSRA,2016-08-19 00:00:00+00:00,25.5,25.56,25.01,25.12,667511,24.9310702358,24.9897315776,24.4520026117,24.5595484049,667511,0.0,1.0
183,CSRA,2016-08-22 00:00:00+00:00,25.42,25.66,25.2,25.53,804966,24.8528551135,25.0875004804,24.6377635272,24.9604009067,804966,0.0,1.0
184,CSRA,2016-08-23 00:00:00+00:00,26.06,26.14,25.5,25.5,1455340,25.478576092,25.5567912143,24.9310702358,24.9310702358,1455340,0.0,1.0
185,CSRA,2016-08-24 00:00:00+00:00,25.76,26.1,25.645,26.09,775165,25.1852693833,25.5176836531,25.072835145,25.5079067629,775165,0.0,1.0
186,CSRA,2016-08-25 00:00:00+00:00,25.8,25.97,25.57,25.59,847870,25.2243769445,25.3905840794,24.9995084679,25.0190622484,847870,0.0,1.0
187,CSRA,2016-08-26 00:00:00+00:00,25.78,26.045,25.56,25.91,704341,25.2048231639,25.4639107566,24.9897315776,25.3319227377,704341,0.0,1.0
188,CSRA,2016-08-29 00:00:00+00:00,25.45,25.97,25.435,25.49,778272,24.9799546873,25.490350618,24.9652317277,25.0192159127,778272,0.1,1.0
189,CSRA,2016-08-30 00:00:00+00:00,25.54,25.67,25.31,25.52,449356,25.0682924445,25.1958914272,24.8425403982,25.0486618318,449356,0.0,1.0
190,CSRA,2016-08-31 00:00:00+00:00,25.39,25.66,25.29,25.47,769208,24.9210628491,25.1860761208,24.8229097855,24.9995853,769208,0.0,1.0
191,CSRA,2016-09-01 00:00:00+00:00,26.09,26.53,25.56,25.58,997940,25.6081342943,26.0400077742,25.0879230572,25.10755367,997940,0.0,1.0
192,CSRA,2016-09-02 00:00:00+00:00,26.4,26.48,26.19,26.19,797392,25.9124087915,25.9909312424,25.7062873579,25.7062873579,797392,0.0,1.0
193,CSRA,2016-09-06 00:00:00+00:00,26.12,26.56,25.955,26.5,850538,25.6375802134,26.0694536933,25.4756276585,26.0105618551,850538,0.0,1.0
194,CSRA,2016-09-07 00:00:00+00:00,26.62,26.67,25.99,26.04,978908,26.1283455314,26.1774220632,25.5099812307,25.5590577625,978908,0.0,1.0
195,CSRA,2016-09-08 00:00:00+00:00,26.77,26.8,26.41,26.51,1080249,26.2755751269,26.3050210459,25.9222240979,26.0203771615,1080249,0.0,1.0
196,CSRA,2016-09-09 00:00:00+00:00,26.2,26.7,26.11,26.57,1185305,25.7161026643,26.2068679823,25.6277649071,26.0792689996,1185305,0.0,1.0
197,CSRA,2016-09-12 00:00:00+00:00,26.78,26.8,26.03,26.16,1416184,26.2853904332,26.3050210459,25.5492424562,25.6768414389,1416184,0.0,1.0
198,CSRA,2016-09-13 00:00:00+00:00,26.32,26.87,26.005,26.56,1391931,25.8338863406,26.3737281905,25.5247041903,26.0694536933,1391931,0.0,1.0
199,CSRA,2016-09-14 00:00:00+00:00,26.35,26.56,26.03,26.28,1700202,25.8633322597,26.0694536933,25.5492424562,25.7946251152,1700202,0.0,1.0
200,CSRA,2016-09-15 00:00:00+00:00,25.91,26.37,25.85,26.33,980672,25.4314587799,25.8829628724,25.3725669417,25.843701647,980672,0.0,1.0
201,CSRA,2016-09-16 00:00:00+00:00,25.69,26.13,25.59,25.81,5224098,25.2155220399,25.6473955198,25.1173689763,25.3333057163,5224098,0.0,1.0
202,CSRA,2016-09-19 00:00:00+00:00,26.2,26.5225,25.695,25.74,916967,25.7161026643,26.0326462944,25.2204296931,25.2645985717,916967,0.0,1.0
203,CSRA,2016-09-20 00:00:00+00:00,25.95,26.46,25.91,26.34,516764,25.4707200053,25.9713006297,25.4314587799,25.8535169534,516764,0.0,1.0
204,CSRA,2016-09-21 00:00:00+00:00,26.93,26.96,26.08,26.13,1034847,26.4326200286,26.4620659477,25.598318988,25.6473955198,1034847,0.0,1.0
205,CSRA,2016-09-22 00:00:00+00:00,27.13,27.21,26.7299,27.0,1613734,26.6289261558,26.7074486067,26.2362157483,26.5013271731,1613734,0.0,1.0
206,CSRA,2016-09-23 00:00:00+00:00,27.12,27.28,27.09,27.21,1039563,26.6191108495,26.7761557512,26.5896649304,26.7074486067,1039563,0.0,1.0
207,CSRA,2016-09-26 00:00:00+00:00,26.75,27.09,26.72,26.99,694581,26.2559445141,26.5896649304,26.226498595,26.4915118668,694581,0.0,1.0
208,CSRA,2016-09-27 00:00:00+00:00,26.87,26.95,26.48,26.65,602007,26.3737281905,26.4522506413,25.9909312424,26.1577914505,602007,0.0,1.0
209,CSRA,2016-09-28 00:00:00+00:00,27.09,27.11,26.67,26.92,491486,26.5896649304,26.6092955431,26.1774220632,26.4228047223,491486,0.0,1.0
210,CSRA,2016-09-29 00:00:00+00:00,27.06,27.315,26.88,27.06,1351410,26.5602190113,26.8105093235,26.3835434968,26.5602190113,1351410,0.0,1.0
211,CSRA,2016-09-30 00:00:00+00:00,26.9,27.3,26.61,27.24,913013,26.4031741095,26.795786364,26.1185302251,26.7368945258,913013,0.0,1.0
212,CSRA,2016-10-03 00:00:00+00:00,26.99,27.055,26.7,26.76,606424,26.4915118668,26.5553113581,26.2068679823,26.2657598205,606424,0.0,1.0
213,CSRA,2016-10-04 00:00:00+00:00,26.93,27.18,26.835,26.95,908664,26.4326200286,26.6780026876,26.3393746182,26.4522506413,908664,0.0,1.0
214,CSRA,2016-10-05 00:00:00+00:00,26.61,27.21,26.59,27.11,1092162,26.1185302251,26.7074486067,26.0988996124,26.6092955431,1092162,0.0,1.0
215,CSRA,2016-10-06 00:00:00+00:00,26.62,26.89,26.42,26.48,886486,26.1283455314,26.3933588032,25.9320394042,25.9909312424,886486,0.0,1.0
216,CSRA,2016-10-07 00:00:00+00:00,26.23,26.77,26.1,26.72,637361,25.7455485834,26.2755751269,25.6179496007,26.226498595,637361,0.0,1.0
217,CSRA,2016-10-10 00:00:00+00:00,26.41,26.53,26.27,26.31,447140,25.9222240979,26.0400077742,25.7848098088,25.8240710343,447140,0.0,1.0
218,CSRA,2016-10-11 00:00:00+00:00,26.05,26.36,25.895,26.31,626893,25.5688730689,25.8731475661,25.4167358203,25.8240710343,626893,0.0,1.0
219,CSRA,2016-10-12 00:00:00+00:00,25.94,26.19,25.93,26.12,688181,25.4609046989,25.7062873579,25.4510893926,25.6375802134,688181,0.0,1.0
220,CSRA,2016-10-13 00:00:00+00:00,25.93,26.07,25.68,25.71,424457,25.4510893926,25.5885036816,25.2057067336,25.2351526526,424457,0.0,1.0
221,CSRA,2016-10-14 00:00:00+00:00,26.19,26.36,25.77,26.01,709624,25.7062873579,25.8731475661,25.2940444908,25.5296118435,709624,0.0,1.0
222,CSRA,2016-10-17 00:00:00+00:00,25.89,26.36,25.86,26.3,621523,25.4118281671,25.8731475661,25.3823822481,25.8142557279,621523,0.0,1.0
223,CSRA,2016-10-18 00:00:00+00:00,26.13,26.32,25.96,26.12,348884,25.6473955198,25.8338863406,25.4805353117,25.6375802134,348884,0.0,1.0
224,CSRA,2016-10-19 00:00:00+00:00,26.33,26.425,25.93,26.23,841510,25.843701647,25.9369470574,25.4510893926,25.7455485834,841510,0.0,1.0
225,CSRA,2016-10-20 00:00:00+00:00,26.2,26.36,25.87,26.31,657145,25.7161026643,25.8731475661,25.3921975544,25.8240710343,657145,0.0,1.0
226,CSRA,2016-10-21 00:00:00+00:00,26.21,26.29,26.07,26.08,621137,25.7259179707,25.8044404216,25.5885036816,25.598318988,621137,0.0,1.0
227,CSRA,2016-10-24 00:00:00+00:00,26.12,26.51,26.06,26.33,485089,25.6375802134,26.0203771615,25.5786883753,25.843701647,485089,0.0,1.0
228,CSRA,2016-10-25 00:00:00+00:00,25.56,26.16,25.55,26.02,864211,25.0879230572,25.6768414389,25.0781077509,25.5394271498,864211,0.0,1.0
229,CSRA,2016-10-26 00:00:00+00:00,25.3,25.72,25.21,25.32,963209,24.8327250919,25.244967959,24.7443873346,24.8523557046,963209,0.0,1.0
230,CSRA,2016-10-27 00:00:00+00:00,24.61,25.475,24.475,25.4,1429478,24.155468953,25.0044929532,24.0229623171,24.9308781555,1429478,0.0,1.0
231,CSRA,2016-10-28 00:00:00+00:00,24.95,25.1,24.51,24.62,1178265,24.4891893693,24.6364189647,24.0573158894,24.1652842594,1178265,0.0,1.0
232,CSRA,2016-10-31 00:00:00+00:00,25.09,25.21,24.85,24.98,1300029,24.6266036583,24.7443873346,24.3910363057,24.5186352883,1300029,0.0,1.0
233,CSRA,2016-11-01 00:00:00+00:00,25.33,25.45,25.08,25.17,1370693,24.862171011,24.9799546873,24.6167883519,24.7051261092,1370693,0.0,1.0
234,CSRA,2016-11-02 00:00:00+00:00,25.56,25.65,25.32,25.32,1246267,25.0879230572,25.1762608145,24.8523557046,24.8523557046,1246267,0.0,1.0
235,CSRA,2016-11-03 00:00:00+00:00,25.81,25.89,25.44,25.56,1017609,25.3333057163,25.4118281671,24.9701393809,25.0879230572,1017609,0.0,1.0
236,CSRA,2016-11-04 00:00:00+00:00,25.77,26.1,25.74,25.85,1179538,25.2940444908,25.6179496007,25.2645985717,25.3725669417,1179538,0.0,1.0
237,CSRA,2016-11-07 00:00:00+00:00,26.34,26.4,26.0,26.19,1575600,25.8535169534,25.9124087915,25.5197965371,25.7062873579,1575600,0.0,1.0
238,CSRA,2016-11-08 00:00:00+00:00,26.45,26.78,26.18,26.35,1614852,25.9614853233,26.2853904332,25.6964720516,25.8633322597,1614852,0.0,1.0
239,CSRA,2016-11-09 00:00:00+00:00,27.39,27.86,25.721,25.96,2763100,26.8841241212,27.3454435201,25.2459494896,25.4805353117,2763100,0.0,1.0
240,CSRA,2016-11-10 00:00:00+00:00,29.95,30.23,27.91,28.74,5020282,29.3968425495,29.6716711276,27.3945200519,28.2091904799,5020282,0.0,1.0
241,CSRA,2016-11-11 00:00:00+00:00,30.42,30.485,29.7,29.98,3195226,29.8581619484,29.9219614397,29.1514598905,29.4262884685,3195226,0.0,1.0
242,CSRA,2016-11-14 00:00:00+00:00,31.95,32.02,30.391,30.44,4562539,31.3599038216,31.4286109661,29.82969756,29.8777925611,4562539,0.0,1.0
243,CSRA,2016-11-15 00:00:00+00:00,31.42,32.49,31.3,31.97,2425167,30.8396925844,31.889930365,30.7219089081,31.3795344343,2425167,0.0,1.0
244,CSRA,2016-11-16 00:00:00+00:00,31.44,31.5,31.12,31.24,1132062,30.8593231972,30.9182150353,30.5452333936,30.66301707,1132062,0.0,1.0
245,CSRA,2016-11-17 00:00:00+00:00,32.08,32.195,31.41,31.46,1434932,31.4875028042,31.6003788274,30.8298772781,30.8789538099,1434932,0.0,1.0
246,CSRA,2016-11-18 00:00:00+00:00,31.67,32.47,31.64,32.17,1873724,31.0850752435,31.8702997523,31.0556293244,31.5758405615,1873724,0.0,1.0
247,CSRA,2016-11-21 00:00:00+00:00,31.31,31.46,30.77,31.09,2606740,30.7317242145,30.8789538099,30.201697671,30.5157874746,2606740,0.0,1.0
248,CSRA,2016-11-22 00:00:00+00:00,31.75,32.02,31.35,31.42,2030071,31.1635976943,31.4286109661,30.7709854399,30.8396925844,2030071,0.0,1.0
249,CSRA,2016-11-23 00:00:00+00:00,31.73,32.01,31.6,31.69,2363920,31.1439670816,31.4187956597,31.0163680989,31.1047058562,2363920,0.0,1.0
250,CSRA,2016-11-25 00:00:00+00:00,31.93,32.01,31.66,31.8,400260,31.3402732088,31.4187956597,31.0752599371,31.2126742261,400260,0.0,1.0
251,CSRA,2016-11-28 00:00:00+00:00,31.83,32.055,31.61,31.91,1873493,31.2421201452,31.4629645383,31.0261834053,31.3206425961,1873493,0.0,1.0
252,CSRA,2016-11-29 00:00:00+00:00,32.45,32.825,31.66,31.94,1568855,31.8506691396,32.2187431281,31.0752599371,31.3500885152,1568855,0.0,1.0
253,CSRA,2016-11-30 00:00:00+00:00,32.01,32.48,31.89,32.29,1404245,31.4187956597,31.8801150587,31.3010119834,31.6936242378,1404245,0.0,1.0
254,CSRA,2016-12-01 00:00:00+00:00,31.85,32.13,31.72,32.04,1824301,31.2617507579,31.536579336,31.1341517753,31.4482415788,1824301,0.0,1.0
255,CSRA,2016-12-02 00:00:00+00:00,31.83,32.14,31.64,31.86,900380,31.2421201452,31.5463946424,31.0556293244,31.2715660643,900380,0.0,1.0
256,CSRA,2016-12-05 00:00:00+00:00,32.06,32.38,31.95,32.08,1129302,31.4678721915,31.781961995,31.3599038216,31.4875028042,1129302,0.0,1.0
257,CSRA,2016-12-06 00:00:00+00:00,32.2,32.38,31.7,32.18,1205124,31.6052864806,31.781961995,31.1145211625,31.5856558678,1205124,0.0,1.0
258,CSRA,2016-12-07 00:00:00+00:00,32.03,32.29,32.0,32.2,1875911,31.4384262724,31.6936242378,31.4089803534,31.6052864806,1875911,0.0,1.0
259,CSRA,2016-12-08 00:00:00+00:00,32.61,32.78,32.04,32.13,1885812,32.0077140413,32.1745742495,31.4482415788,31.536579336,1885812,0.0,1.0
260,CSRA,2016-12-09 00:00:00+00:00,32.7,32.84,32.24,32.47,1490696,32.0960517986,32.2334660876,31.644547706,31.8702997523,1490696,0.0,1.0
261,CSRA,2016-12-12 00:00:00+00:00,31.65,32.78,31.48,32.68,1928192,31.0654446307,32.1745742495,30.8985844226,32.0764211859,1928192,0.0,1.0
262,CSRA,2016-12-13 00:00:00+00:00,31.66,31.98,31.51,31.9,931102,31.0752599371,31.3893497406,30.9280303417,31.3108272897,931102,0.0,1.0
263,CSRA,2016-12-14 00:00:00+00:00,31.42,32.04,31.36,31.64,1507141,30.8396925844,31.4482415788,30.7808007463,31.0556293244,1507141,0.0,1.0
264,CSRA,2016-12-15 00:00:00+00:00,31.49,31.83,31.29,31.44,1205753,30.908399729,31.2421201452,30.7120936018,30.8593231972,1205753,0.0,1.0
265,CSRA,2016-12-16 00:00:00+00:00,31.68,31.92,31.45,31.53,2125793,31.0948905498,31.3304579025,30.8691385035,30.9476609544,2125793,0.0,1.0
266,CSRA,2016-12-19 00:00:00+00:00,32.33,32.52,31.6,31.64,1223508,31.7328854632,31.9193762841,31.0163680989,31.0556293244,1223508,0.0,1.0
267,CSRA,2016-12-20 00:00:00+00:00,32.27,32.39,32.09,32.32,652420,31.6739936251,31.7917773014,31.4973181106,31.7230701569,652420,0.0,1.0
268,CSRA,2016-12-21 00:00:00+00:00,32.0,32.16,31.9,32.13,587588,31.4089803534,31.5660252551,31.3108272897,31.536579336,587588,0.0,1.0
269,CSRA,2016-12-22 00:00:00+00:00,31.87,32.09,31.6,31.97,1131138,31.2813813707,31.4973181106,31.0163680989,31.3795344343,1131138,0.0,1.0
270,CSRA,2016-12-23 00:00:00+00:00,31.89,31.93,31.52,31.93,371371,31.3010119834,31.3402732088,30.9378456481,31.3402732088,371371,0.0,1.0
271,CSRA,2016-12-27 00:00:00+00:00,32.02,32.11,31.92,31.94,892466,31.4286109661,31.5169487233,31.3304579025,31.3500885152,892466,0.0,1.0
272,CSRA,2016-12-28 00:00:00+00:00,31.69,32.22,31.57,31.98,816807,31.1047058562,31.6249170933,30.9869221799,31.3893497406,816807,0.0,1.0
273,CSRA,2016-12-29 00:00:00+00:00,31.94,31.98,31.55,31.55,501610,31.4482415788,31.487625726,31.0642461431,31.0642461431,501610,0.1,1.0
274,CSRA,2016-12-30 00:00:00+00:00,31.84,32.04,31.74,32.0,884411,31.3497812107,31.5467019469,31.2513208425,31.5073177997,884411,0.0,1.0
275,CSRA,2017-01-03 00:00:00+00:00,32.04,32.5,31.87,32.02,1012347,31.5467019469,31.9996196403,31.3793193211,31.5270098733,1012347,0.0,1.0
276,CSRA,2017-01-04 00:00:00+00:00,32.4,32.56,32.07,32.2,778087,31.9011592722,32.0586958612,31.5762400574,31.7042385359,778087,0.0,1.0
277,CSRA,2017-01-05 00:00:00+00:00,32.09,32.44,31.98,32.2,1472283,31.595932131,31.9405434194,31.487625726,31.7042385359,1472283,0.0,1.0
278,CSRA,2017-01-06 00:00:00+00:00,32.16,32.33,31.84,32.09,907386,31.6648543887,31.8322370145,31.3497812107,31.595932131,907386,0.0,1.0
279,CSRA,2017-01-09 00:00:00+00:00,32.0,32.2,31.83,32.18,568618,31.5073177997,31.7042385359,31.3399351739,31.6845464623,568618,0.0,1.0
280,CSRA,2017-01-10 00:00:00+00:00,31.95,32.04,31.86,31.97,563793,31.4580876156,31.5467019469,31.3694732843,31.4777796892,563793,0.0,1.0
281,CSRA,2017-01-11 00:00:00+00:00,32.59,32.65,31.79,31.9,1006548,32.0882339716,32.1473101925,31.3005510266,31.4088574315,1006548,0.0,1.0
282,CSRA,2017-01-12 00:00:00+00:00,32.97,33.54,32.39,32.62,1231027,32.4623833705,33.0236074688,31.8913132354,32.117772082,1231027,0.0,1.0
283,CSRA,2017-01-13 00:00:00+00:00,33.05,33.3,32.89,33.0,665095,32.541151665,32.7873025853,32.383615076,32.4919214809,665095,0.0,1.0
284,CSRA,2017-01-17 00:00:00+00:00,32.71,32.9,32.5808,32.83,614752,32.2063864133,32.3934611128,32.0791756177,32.3245388551,614752,0.0,1.0
285,CSRA,2017-01-18 00:00:00+00:00,32.8,33.0,32.6,32.7,886851,32.2950007447,32.4919214809,32.0980800084,32.1965403765,886851,0.0,1.0
286,CSRA,2017-01-19 00:00:00+00:00,32.44,32.83,32.32,32.8,764138,31.9405434194,32.3245388551,31.8223909777,32.2950007447,764138,0.0,1.0
287,CSRA,2017-01-20 00:00:00+00:00,32.54,32.67,32.22,32.56,779001,32.0390037875,32.1670022661,31.7239306095,32.0586958612,779001,0.0,1.0
288,CSRA,2017-01-23 00:00:00+00:00,32.08,32.6,31.89,32.52,1259315,31.5860860942,32.0980800084,31.3990113947,32.0193117139,1259315,0.0,1.0
289,CSRA,2017-01-24 00:00:00+00:00,32.22,32.295,31.67,32.25,664144,31.7239306095,31.7977758856,31.1823985849,31.75346872,664144,0.0,1.0
290,CSRA,2017-01-25 00:00:00+00:00,32.12,32.61,32.09,32.49,671328,31.6254702414,32.1079260452,31.595932131,31.9897736035,671328,0.0,1.0
291,CSRA,2017-01-26 00:00:00+00:00,31.89,32.38,31.79,32.29,558723,31.3990113947,31.8814671985,31.3005510266,31.7928528672,558723,0.0,1.0
292,CSRA,2017-01-27 00:00:00+00:00,31.66,32.14,31.52,32.0,716701,31.172552548,31.645162315,31.0347080327,31.5073177997,716701,0.0,1.0
293,CSRA,2017-01-30 00:00:00+00:00,31.07,31.53,30.98,31.53,824375,30.5916363761,31.0445540695,30.5030220448,31.0445540695,824375,0.0,1.0
294,CSRA,2017-01-31 00:00:00+00:00,31.02,31.17,30.71,31.1,518417,30.5424061921,30.6900967442,30.2371790509,30.6211744866,518417,0.0,1.0
295,CSRA,2017-02-01 00:00:00+00:00,31.55,31.59,30.91,31.02,804406,31.0642461431,31.1036302904,30.4340997871,30.5424061921,804406,0.0,1.0
296,CSRA,2017-02-02 00:00:00+00:00,31.81,32.08,31.28,31.46,1291445,31.3202431002,31.5860860942,30.7984031492,30.9756318118,1291445,0.0,1.0
297,CSRA,2017-02-03 00:00:00+00:00,32.36,32.4299,31.765,31.89,989844,31.8617751249,31.9305989222,31.2759359346,31.3990113947,989844,0.0,1.0
298,CSRA,2017-02-06 00:00:00+00:00,32.3,32.49,31.99,32.11,1300735,31.802698904,31.9897736035,31.4974717629,31.6156242046,1300735,0.0,1.0
299,CSRA,2017-02-07 00:00:00+00:00,32.55,32.59,31.91,32.22,1629271,32.0488498244,32.0882339716,31.4187034684,31.7239306095,1629271,0.0,1.0
300,CSRA,2017-02-08 00:00:00+00:00,30.3,31.21,29.1,30.65,65964,29.8334915416,30.7294808915,28.6519671241,30.17810283,65964,0.0,1.0
301,CSRA,2017-02-09 00:00:00+00:00,30.56,31.22,30.3,30.37,2115566,30.0894884987,30.7393269283,29.8334915416,29.9024137992,2115566,0.0,1.0
302,CSRA,2017-02-10 00:00:00+00:00,31.02,31.255,30.58,30.6,2159078,30.5424061921,30.7737880571,30.1091805723,30.1288726459,2159078,0.0,1.0
303,CSRA,2017-02-13 00:00:00+00:00,30.65,31.3,30.64,31.23,895956,30.17810283,30.8180952228,30.1682567932,30.7491729651,895956,0.0,1.0
304,CSRA,2017-02-14 00:00:00+00:00,29.99,30.78,29.98,30.57,2737047,29.5282644004,30.3061013086,29.5184183636,30.0993345355,2737047,0.0,1.0
305,CSRA,2017-02-15 00:00:00+00:00,30.35,30.45,29.87,30.03,2620200,29.8827217256,29.9811820937,29.4101119586,29.5676485476,2620200,0.0,1.0
306,CSRA,2017-02-16 00:00:00+00:00,30.38,30.88,30.1,30.55,1217155,29.9122598361,30.4045616767,29.6365708053,30.0796424619,1217155,0.0,1.0
307,CSRA,2017-02-17 00:00:00+00:00,30.02,30.53,29.93,30.38,1035817,29.5578025108,30.0599503882,29.4691881795,29.9122598361,1035817,0.0,1.0
308,CSRA,2017-02-21 00:00:00+00:00,30.63,30.745,30.04,30.13,1473866,30.1584107564,30.2716401797,29.5774945844,29.6661089158,1473866,0.0,1.0
309,CSRA,2017-02-22 00:00:00+00:00,30.85,30.95,30.38,30.54,1278296,30.3750235662,30.4734839344,29.9122598361,30.0697964251,1278296,0.0,1.0
310,CSRA,2017-02-23 00:00:00+00:00,30.05,30.97,30.04,30.97,1601758,29.5873406213,30.493176008,29.5774945844,30.493176008,1601758,0.0,1.0
311,CSRA,2017-02-24 00:00:00+00:00,30.33,30.33,29.59,29.92,1100120,29.863029652,29.863029652,29.1344229279,29.4593421427,1100120,0.0,1.0
312,CSRA,2017-02-27 00:00:00+00:00,30.62,30.68,30.1,30.23,1164740,30.1485647196,30.2076409404,29.6365708053,29.7645692839,1164740,0.0,1.0
313,CSRA,2017-02-28 00:00:00+00:00,29.82,30.47,29.735,30.47,1095225,29.3608817746,30.0008741674,29.2771904617,30.0008741674,1095225,0.0,1.0
314,CSRA,2017-03-01 00:00:00+00:00,30.35,30.5,30.0,30.14,936483,29.8827217256,30.0304122778,29.5381104372,29.6759549526,936483,0.0,1.0
315,CSRA,2017-03-02 00:00:00+00:00,30.12,30.26,29.86,30.26,998011,29.6562628789,29.7941073943,29.4002659218,29.7941073943,998011,0.0,1.0
316,CSRA,2017-03-03 00:00:00+00:00,29.94,30.1,29.82,30.01,890619,29.4790342163,29.6365708053,29.3608817746,29.547956474,890619,0.0,1.0
317,CSRA,2017-03-06 00:00:00+00:00,28.66,29.61,28.41,29.5,1399557,28.2187415043,29.1541150015,27.972590584,29.0458085966,1399557,0.0,1.0
318,CSRA,2017-03-07 00:00:00+00:00,28.5,28.73,28.3,28.68,1159470,28.0612049153,28.287663762,27.8642841791,28.238433578,1159470,0.0,1.0
319,CSRA,2017-03-08 00:00:00+00:00,28.6,28.725,28.34,28.58,860501,28.1596652835,28.2827407436,27.9036683263,28.1399732098,860501,0.0,1.0
320,CSRA,2017-03-09 00:00:00+00:00,28.38,28.61,28.14,28.58,785536,27.9430524736,28.1695113203,27.7067475901,28.1399732098,785536,0.0,1.0
321,CSRA,2017-03-10 00:00:00+00:00,28.42,28.65,28.19,28.28,934067,27.9824366208,28.2088954675,27.7559777741,27.8445921055,934067,0.0,1.0
322,CSRA,2017-03-13 00:00:00+00:00,28.81,28.82,28.335,28.4,987858,28.3664320565,28.3762780933,27.8987453079,27.9627445472,987858,0.0,1.0
323,CSRA,2017-03-14 00:00:00+00:00,28.92,28.93,28.66,28.7,707353,28.4747384615,28.4845844983,28.2187415043,28.2581256516,707353,0.0,1.0
324,CSRA,2017-03-15 00:00:00+00:00,29.11,29.2,28.86,28.96,907724,28.6618131609,28.7504274922,28.4156622406,28.5141226087,907724,0.0,1.0
325,CSRA,2017-03-16 00:00:00+00:00,29.15,29.3,29.08,29.2,661144,28.7011973081,28.8488878603,28.6322750504,28.7504274922,661144,0.0,1.0
326,CSRA,2017-03-17 00:00:00+00:00,29.26,29.32,28.77,29.18,1934401,28.8095037131,28.8685799339,28.3270479093,28.7307354186,1934401,0.0,1.0
327,CSRA,2017-03-20 00:00:00+00:00,29.3,29.365,28.94,29.3,887814,28.8488878603,28.9128870996,28.4944305351,28.8488878603,887814,0.0,1.0
328,CSRA,2017-03-21 00:00:00+00:00,28.95,29.58,28.88,29.49,966887,28.5042765719,29.1245768911,28.4353543142,29.0359625598,966887,0.0,1.0
329,CSRA,2017-03-22 00:00:00+00:00,28.86,29.07,28.555,29.01,880719,28.4156622406,28.6224290136,28.1153581178,28.5633527928,880719,0.0,1.0
330,CSRA,2017-03-23 00:00:00+00:00,29.3,29.34,28.46,28.8,834291,28.8488878603,28.8882720076,28.0218207681,28.3565860197,834291,0.0,1.0
331,CSRA,2017-03-24 00:00:00+00:00,29.43,29.53,29.27,29.32,1174959,28.9768863389,29.075346707,28.8193497499,28.8685799339,1174959,0.0,1.0
332,CSRA,2017-03-27 00:00:00+00:00,29.06,29.17,28.705,29.06,972848,28.6125829768,28.7208893818,28.26304867,28.6125829768,972848,0.0,1.0
333,CSRA,2017-03-28 00:00:00+00:00,29.5,29.55,28.68,28.96,1120421,29.0458085966,29.0950387806,28.238433578,28.5141226087,1120421,0.0,1.0
334,CSRA,2017-03-29 00:00:00+00:00,29.6,29.62,29.27,29.36,737721,29.1442689647,29.1639610383,28.8193497499,28.9079640812,737721,0.0,1.0
335,CSRA,2017-03-30 00:00:00+00:00,29.8,29.93,29.35,29.45,1375912,29.3411897009,29.4691881795,28.8981180444,28.9965784125,1375912,0.0,1.0
336,CSRA,2017-03-31 00:00:00+00:00,29.29,29.83,29.16,29.83,1116733,28.8390418235,29.3707278114,28.7110433449,29.3707278114,1116733,0.0,1.0
337,CSRA,2017-04-03 00:00:00+00:00,28.19,29.22,28.055,29.14,1245907,27.8544381423,28.8721774572,27.7210451253,28.7931297434,1245907,0.1,1.0
338,CSRA,2017-04-04 00:00:00+00:00,27.95,28.22,27.8,28.1,1233516,27.6172950009,27.8840810349,27.4690805376,27.7655094643,1233516,0.0,1.0
339,CSRA,2017-04-05 00:00:00+00:00,27.97,28.46,27.9,28.39,1445094,27.6370569294,28.1212241763,27.5678901798,28.0520574267,1445094,0.0,1.0
340,CSRA,2017-04-06 00:00:00+00:00,28.03,28.1,27.87,28.0,1104990,27.6963427147,27.7655094643,27.5382472872,27.666699822,1104990,0.0,1.0
341,CSRA,2017-04-07 00:00:00+00:00,28.07,28.27,27.85,28.03,660826,27.7358665716,27.933485856,27.5184853587,27.6963427147,660826,0.0,1.0
342,CSRA,2017-04-10 00:00:00+00:00,28.17,28.43,28.0601,28.08,462322,27.8346762138,28.0915812836,27.726084417,27.7457475358,462322,0.0,1.0
343,CSRA,2017-04-11 00:00:00+00:00,28.19,28.19,27.81,27.97,594713,27.8544381423,27.8544381423,27.4789615018,27.6370569294,594713,0.0,1.0
344,CSRA,2017-04-12 00:00:00+00:00,27.98,28.22,27.89,28.12,873210,27.6469378936,27.8840810349,27.5580092156,27.7852713927,873210,0.0,1.0
345,CSRA,2017-04-13 00:00:00+00:00,27.68,28.0699,27.65,27.83,430417,27.3505089669,27.735767762,27.3208660743,27.4987234303,430417,0.0,1.0
346,CSRA,2017-04-17 00:00:00+00:00,28.52,28.52,27.77,27.9,787726,28.1805099616,28.1805099616,27.4394376449,27.5678901798,787726,0.0,1.0
347,CSRA,2017-04-18 00:00:00+00:00,28.49,28.68,28.275,28.3,1094954,28.1508670689,28.3386053892,27.9384263382,27.9631287487,1094954,0.0,1.0
348,CSRA,2017-04-19 00:00:00+00:00,28.71,28.87,28.555,28.58,621629,28.3682482818,28.5263437094,28.2150933364,28.2397957469,621629,0.0,1.0
349,CSRA,2017-04-20 00:00:00+00:00,28.92,29.07,28.78,28.89,550812,28.5757485305,28.7239629938,28.4374150314,28.5461056378,550812,0.0,1.0
350,CSRA,2017-04-21 00:00:00+00:00,28.92,28.95,28.69,28.9,457328,28.5757485305,28.6053914232,28.3484863534,28.555986602,457328,0.0,1.0
351,CSRA,2017-04-24 00:00:00+00:00,29.02,29.35,28.88,29.25,804586,28.6745581727,29.000629992,28.5362246736,28.9018203498,804586,0.0,1.0
352,CSRA,2017-04-25 00:00:00+00:00,29.09,29.34,29.04,29.21,830132,28.7437249223,28.9907490278,28.6943201012,28.8622964929,830132,0.0,1.0
353,CSRA,2017-04-26 00:00:00+00:00,29.24,29.34,29.05,29.16,580333,28.8919393856,28.9907490278,28.7042010654,28.8128916718,580333,0.0,1.0
354,CSRA,2017-04-27 00:00:00+00:00,29.19,29.555,29.1,29.34,515566,28.8425345645,29.2031897586,28.7536058865,28.9907490278,515566,0.0,1.0
355,CSRA,2017-04-28 00:00:00+00:00,29.08,29.12,28.625,29.12,1263400,28.733843958,28.7733678149,28.2842600859,28.7733678149,1263400,0.0,1.0
356,CSRA,2017-05-01 00:00:00+00:00,29.16,29.32,29.02,29.26,916879,28.8128916718,28.9709870994,28.6745581727,28.911701314,916879,0.0,1.0
357,CSRA,2017-05-02 00:00:00+00:00,29.28,29.32,28.945,29.21,624196,28.9314632425,28.9709870994,28.600450941,28.8622964929,624196,0.0,1.0
358,CSRA,2017-05-03 00:00:00+00:00,29.02,29.15,28.87,29.13,493298,28.6745581727,28.8030107076,28.5263437094,28.7832487792,493298,0.0,1.0
359,CSRA,2017-05-04 00:00:00+00:00,29.49,29.51,28.92,29.19,742818,29.1389634912,29.1587254196,28.5757485305,28.8425345645,742818,0.0,1.0
360,CSRA,2017-05-05 00:00:00+00:00,29.63,29.7199,29.47,29.61,356322,29.2772969903,29.3661268586,29.1192015627,29.2575350618,356322,0.0,1.0
361,CSRA,2017-05-08 00:00:00+00:00,29.64,29.74,29.46,29.57,392221,29.2871779545,29.3859875967,29.1093205985,29.2180112049,392221,0.0,1.0
362,CSRA,2017-05-09 00:00:00+00:00,29.12,29.7,29.01,29.7,918197,28.7733678149,29.3464637398,28.6646772085,29.3464637398,918197,0.0,1.0
363,CSRA,2017-05-10 00:00:00+00:00,29.43,29.48,28.91,29.04,615926,29.0796777058,29.1290825269,28.5658675663,28.6943201012,615926,0.0,1.0
364,CSRA,2017-05-11 00:00:00+00:00,29.32,29.32,28.89,29.32,445715,28.9709870994,28.9709870994,28.5461056378,28.9709870994,445715,0.0,1.0
365,CSRA,2017-05-12 00:00:00+00:00,29.09,29.24,28.87,29.22,834094,28.7437249223,28.8919393856,28.5263437094,28.8721774572,834094,0.0,1.0
366,CSRA,2017-05-15 00:00:00+00:00,29.3,29.51,29.01,29.1,2129096,28.9512251709,29.1587254196,28.6646772085,28.7536058865,2129096,0.0,1.0
367,CSRA,2017-05-16 00:00:00+00:00,29.75,29.79,29.09,29.35,895968,29.3958685609,29.4353924178,28.7437249223,29.000629992,895968,0.0,1.0
368,CSRA,2017-05-17 00:00:00+00:00,28.79,29.48,28.74,29.37,686585,28.4472959956,29.1290825269,28.3978911745,29.0203919205,686585,0.0,1.0
369,CSRA,2017-05-18 00:00:00+00:00,28.67,28.9,28.24,28.61,874808,28.3287244249,28.555986602,27.9038429634,28.2694386396,874808,0.0,1.0
370,CSRA,2017-05-19 00:00:00+00:00,28.75,29.2,28.61,28.84,666270,28.4077721387,28.8524155287,28.2694386396,28.4967008167,666270,0.0,1.0
371,CSRA,2017-05-22 00:00:00+00:00,29.04,29.08,28.74,28.74,796209,28.6943201012,28.733843958,28.3978911745,28.3978911745,796209,0.0,1.0
372,CSRA,2017-05-23 00:00:00+00:00,29.26,29.33,28.98,29.14,1441780,28.911701314,28.9808680636,28.6350343158,28.7931297434,1441780,0.0,1.0
373,CSRA,2017-05-24 00:00:00+00:00,29.64,29.87,29.203,29.36,1855784,29.2871779545,29.5144401316,28.855379818,29.0105109563,1855784,0.0,1.0
374,CSRA,2017-05-25 00:00:00+00:00,31.01,31.85,30.2137,31.47,1772213,30.6408700529,31.4708710476,29.8540488719,31.0953944071,1772213,0.0,1.0
375,CSRA,2017-05-26 00:00:00+00:00,30.46,30.97,30.39,30.84,1003713,30.0974170207,30.601346196,30.0282502711,30.4728936611,1003713,0.0,1.0
376,CSRA,2017-05-30 00:00:00+00:00,30.22,30.45,30.11,30.28,801285,29.8602738794,30.0875360565,29.7515832729,29.9195596647,801285,0.0,1.0
377,CSRA,2017-05-31 00:00:00+00:00,30.16,30.45,29.965,30.34,1246634,29.800988094,30.0875360565,29.6083092917,29.97884545,1246634,0.0,1.0
378,CSRA,2017-06-01 00:00:00+00:00,30.68,30.77,30.05,30.16,1380534,30.3147982336,30.4037269116,29.6922974876,29.800988094,1380534,0.0,1.0
379,CSRA,2017-06-02 00:00:00+00:00,30.44,30.75,30.3,30.69,775961,30.0776550923,30.3839649831,29.9393215931,30.3246791978,775961,0.0,1.0
380,CSRA,2017-06-05 00:00:00+00:00,30.95,31.18,30.78,30.87,1314183,30.5815842676,30.8088464447,30.4136078758,30.5025365538,1314183,0.0,1.0
381,CSRA,2017-06-06 00:00:00+00:00,30.92,31.125,30.68,30.94,1862303,30.5519413749,30.7545011415,30.3147982336,30.5717033034,1862303,0.0,1.0
382,CSRA,2017-06-07 00:00:00+00:00,31.13,31.21,30.84,30.93,1060982,30.7594416236,30.8384893374,30.4728936611,30.5618223391,1060982,0.0,1.0
383,CSRA,2017-06-08 00:00:00+00:00,31.46,31.74,31.05,31.14,917873,31.0855134429,31.3621804411,30.6803939098,30.7693225878,917873,0.0,1.0
384,CSRA,2017-06-09 00:00:00+00:00,31.45,31.82,31.2,31.46,901514,31.0756324787,31.4412281549,30.8286083731,31.0855134429,901514,0.0,1.0
385,CSRA,2017-06-12 00:00:00+00:00,32.02,32.06,31.435,31.44,1206612,31.6388474394,31.6783712962,31.0608110324,31.0657515145,1206612,0.0,1.0
386,CSRA,2017-06-13 00:00:00+00:00,32.31,32.31,31.75,31.97,949267,32.024205044,32.024205044,31.4691584694,31.6872124809,949267,0.1,1.0
387,CSRA,2017-06-14 00:00:00+00:00,32.47,32.51,32.16,32.31,1465705,32.1827897796,32.2224359635,31.8755318544,32.024205044,1465705,0.0,1.0
388,CSRA,2017-06-15 00:00:00+00:00,32.4,32.55,32.02,32.11,1158648,32.1134089578,32.2620821474,31.7367702108,31.8259741245,1158648,0.0,1.0
389,CSRA,2017-06-16 00:00:00+00:00,32.35,32.495,32.22,32.33,2202535,32.0638512279,32.2075686446,31.9350011302,32.044028136,2202535,0.0,1.0
390,CSRA,2017-06-19 00:00:00+00:00,32.47,32.78,32.3,32.5,1255945,32.1827897796,32.4900477048,32.014293498,32.2125244175,1255945,0.0,1.0
391,CSRA,2017-06-20 00:00:00+00:00,32.16,32.35,32.0,32.35,762805,31.8755318544,32.0638512279,31.7169471188,32.0638512279,762805,0.0,1.0
392,CSRA,2017-06-21 00:00:00+00:00,31.95,32.37,31.85,32.21,628890,31.6673893889,32.0836743199,31.5682739292,31.9250895843,628890,0.0,1.0
393,CSRA,2017-06-22 00:00:00+00:00,31.65,31.953,31.54,31.88,833290,31.3700430097,31.6703628527,31.261016004,31.5980085671,833290,0.0,1.0
394,CSRA,2017-06-23 00:00:00+00:00,31.91,32.11,31.51,31.69,2031003,31.627743205,31.8259741245,31.2312813661,31.4096891936,2031003,0.0,1.0
395,CSRA,2017-06-26 00:00:00+00:00,31.79,32.23,31.76,31.96,639753,31.5088046533,31.9449126762,31.4790700154,31.6773009349,639753,0.0,1.0
396,CSRA,2017-06-27 00:00:00+00:00,31.48,31.9,31.4,31.79,570273,31.2015467281,31.6178316591,31.1222543603,31.5088046533,570273,0.0,1.0
397,CSRA,2017-06-28 00:00:00+00:00,31.84,31.91,31.48,31.65,710170,31.5583623832,31.627743205,31.2015467281,31.3700430097,710170,0.0,1.0
398,CSRA,2017-06-29 00:00:00+00:00,31.7,32.03,31.4,31.9,1032948,31.4196007396,31.7466817567,31.1222543603,31.6178316591,1032948,0.0,1.0
399,CSRA,2017-06-30 00:00:00+00:00,31.75,31.94,31.7,31.7,1034149,31.4691584694,31.657477843,31.4196007396,31.4196007396,1034149,0.0,1.0
400,CSRA,2017-07-03 00:00:00+00:00,31.87,32.19,31.83,31.94,275435,31.5880970211,31.9052664923,31.5484508372,31.657477843,275435,0.0,1.0
401,CSRA,2017-07-05 00:00:00+00:00,31.93,32.11,31.69,31.93,1021607,31.647566297,31.8259741245,31.4096891936,31.647566297,1021607,0.0,1.0
402,CSRA,2017-07-06 00:00:00+00:00,31.34,31.82,31.33,31.8,625858,31.0627850845,31.5385392913,31.0528735385,31.5187161993,625858,0.0,1.0
403,CSRA,2017-07-07 00:00:00+00:00,31.96,31.97,31.44,31.46,756484,31.6773009349,31.6872124809,31.1619005442,31.1817236362,756484,0.0,1.0
404,CSRA,2017-07-10 00:00:00+00:00,31.86,32.17,31.76,31.96,1466427,31.5781854752,31.8854434004,31.4790700154,31.6773009349,1466427,0.0,1.0
405,CSRA,2017-07-11 00:00:00+00:00,32.18,32.24,31.8123,31.88,896006,31.8953549464,31.9548242222,31.5309074009,31.5980085671,896006,0.0,1.0
406,CSRA,2017-07-12 00:00:00+00:00,32.82,32.91,32.34,32.34,1141767,32.5296938887,32.6188978025,32.0539396819,32.0539396819,1141767,0.0,1.0
407,CSRA,2017-07-13 00:00:00+00:00,32.8,32.9215,32.73,32.82,554186,32.5098707968,32.6302960804,32.440489975,32.5296938887,554186,0.0,1.0
408,CSRA,2017-07-14 00:00:00+00:00,32.82,32.91,32.6714,32.83,336825,32.5296938887,32.6188978025,32.3824083155,32.5396054347,336825,0.0,1.0
409,CSRA,2017-07-17 00:00:00+00:00,32.89,32.94,32.52,32.78,699494,32.5990747105,32.6486324404,32.2323475095,32.4900477048,699494,0.0,1.0
410,CSRA,2017-07-18 00:00:00+00:00,32.87,32.99,32.74,32.86,715014,32.5792516186,32.6981901703,32.4504015209,32.5693400726,715014,0.0,1.0
411,CSRA,2017-07-19 00:00:00+00:00,33.14,33.18,32.88,32.9,600995,32.8468633599,32.8865095438,32.5891631646,32.6089862565,600995,0.0,1.0
412,CSRA,2017-07-20 00:00:00+00:00,33.58,33.61,33.12,33.26,794922,33.2829713828,33.3127060207,32.827040268,32.9658019116,794922,0.0,1.0
413,CSRA,2017-07-21 00:00:00+00:00,33.66,33.67,33.47,33.57,822390,33.3622637506,33.3721752966,33.1739443771,33.2730598368,822390,0.0,1.0
414,CSRA,2017-07-24 00:00:00+00:00,33.48,33.67,33.42,33.6,557382,33.1838559231,33.3721752966,33.1243866472,33.3027944747,557382,0.0,1.0
415,CSRA,2017-07-25 00:00:00+00:00,33.44,33.66,33.42,33.64,530437,33.1442097392,33.3622637506,33.1243866472,33.3424406586,530437,0.0,1.0
416,CSRA,2017-07-26 00:00:00+00:00,33.19,33.47,33.1,33.45,419518,32.8964210898,33.1739443771,32.807217176,33.1541212851,419518,0.0,1.0
417,CSRA,2017-07-27 00:00:00+00:00,32.83,33.25,32.57,33.25,574797,32.5396054347,32.9558903656,32.2819052394,32.9558903656,574797,0.0,1.0
418,CSRA,2017-07-28 00:00:00+00:00,32.69,32.8,32.58,32.76,534115,32.4008437911,32.5098707968,32.2918167853,32.4702246129,534115,0.0,1.0
419,CSRA,2017-07-31 00:00:00+00:00,32.61,32.94,32.39,32.84,459719,32.3215514233,32.6486324404,32.1034974118,32.5495169807,459719,0.0,1.0
420,CSRA,2017-08-01 00:00:00+00:00,32.93,33.01,32.46,32.78,529670,32.6387208944,32.7180132622,32.1728782336,32.4900477048,529670,0.0,1.0
421,CSRA,2017-08-02 00:00:00+00:00,32.39,32.93,32.22,32.89,574253,32.1034974118,32.6387208944,31.9350011302,32.5990747105,574253,0.0,1.0
422,CSRA,2017-08-03 00:00:00+00:00,32.73,32.82,32.3,32.39,551764,32.440489975,32.5296938887,32.014293498,32.1034974118,551764,0.0,1.0
423,CSRA,2017-08-04 00:00:00+00:00,32.56,33.04,32.505,33.0,476208,32.2719936934,32.7477479002,32.2174801905,32.7081017163,476208,0.0,1.0
424,CSRA,2017-08-07 00:00:00+00:00,32.32,32.76,32.18,32.5,679708,32.03411659,32.4702246129,31.8953549464,32.2125244175,679708,0.0,1.0
425,CSRA,2017-08-08 00:00:00+00:00,32.26,32.84,32.13,32.28,746081,31.9746473141,32.5495169807,31.8457972165,31.9944704061,746081,0.0,1.0
426,CSRA,2017-08-09 00:00:00+00:00,32.19,32.45,31.87,32.14,1474353,31.9052664923,32.1629666877,31.5880970211,31.8557087625,1474353,0.0,1.0
427,CSRA,2017-08-10 00:00:00+00:00,32.35,33.0,31.94,32.72,1792170,32.0638512279,32.7081017163,31.657477843,32.430578429,1792170,0.0,1.0
428,CSRA,2017-08-11 00:00:00+00:00,32.23,32.59,31.79,32.13,1047734,31.9449126762,32.3017283313,31.5088046533,31.8457972165,1047734,0.0,1.0
429,CSRA,2017-08-14 00:00:00+00:00,32.76,32.92,32.48,32.6,732146,32.4702246129,32.6288093485,32.1927013256,32.3116398773,732146,0.0,1.0
430,CSRA,2017-08-15 00:00:00+00:00,32.32,32.8,32.32,32.74,666974,32.03411659,32.5098707968,32.03411659,32.4504015209,666974,0.0,1.0
431,CSRA,2017-08-16 00:00:00+00:00,32.14,32.49,32.09,32.38,825336,31.8557087625,32.2026128716,31.8061510326,32.0935858658,825336,0.0,1.0
432,CSRA,2017-08-17 00:00:00+00:00,31.85,32.47,31.84,32.12,702412,31.5682739292,32.1827897796,31.5583623832,31.8358856705,702412,0.0,1.0
433,CSRA,2017-08-18 00:00:00+00:00,31.6,31.92,31.59,31.91,858047,31.3204852798,31.637654751,31.3105737338,31.627743205,858047,0.0,1.0
434,CSRA,2017-08-21 00:00:00+00:00,31.79,31.81,31.49,31.51,519448,31.5088046533,31.5286277453,31.2114582741,31.2312813661,519448,0.0,1.0
435,CSRA,2017-08-22 00:00:00+00:00,31.71,31.85,31.47,31.85,900841,31.4295122855,31.5682739292,31.1916351822,31.5682739292,900841,0.0,1.0
436,CSRA,2017-08-23 00:00:00+00:00,31.33,31.66,31.305,31.66,530927,31.0528735385,31.3799545557,31.0280946736,31.3799545557,530927,0.0,1.0
437,CSRA,2017-08-24 00:00:00+00:00,31.16,31.43,31.1,31.4,801632,30.8843772569,31.1519889983,30.8249079811,31.1222543603,801632,0.0,1.0
438,CSRA,2017-08-25 00:00:00+00:00,31.34,31.405,31.15,31.18,867353,31.1619005442,31.2265311612,30.9729802793,31.0028097948,867353,0.1,1.0
439,CSRA,2017-08-28 00:00:00+00:00,31.22,31.54,31.07,31.51,509576,31.0425824822,31.360763981,30.8934349046,31.3309344655,509576,0.0,1.0
440,CSRA,2017-08-29 00:00:00+00:00,31.26,31.5,31.04,31.04,548809,31.0823551695,31.3209912937,30.8636053891,30.8636053891,548809,0.0,1.0
441,CSRA,2017-08-30 00:00:00+00:00,31.31,31.41,31.19,31.26,775508,31.1320710287,31.2315027471,31.0127529666,31.0823551695,775508,0.0,1.0
442,CSRA,2017-08-31 00:00:00+00:00,31.51,31.59,31.29,31.37,915357,31.3309344655,31.4104798402,31.112184685,31.1917300597,915357,0.0,1.0
443,CSRA,2017-09-01 00:00:00+00:00,31.92,32.15,31.6,31.6,1555360,31.7386045109,31.9672974632,31.420423012,31.420423012,1555360,0.0,1.0
444,CSRA,2017-09-05 00:00:00+00:00,31.56,32.32,31.39,31.88,846422,31.3806503247,32.1363313845,31.2116164034,31.6988318235,846422,0.0,1.0
445,CSRA,2017-09-06 00:00:00+00:00,32.67,32.99,32.1,32.16,1732855,32.4843423988,32.8025238977,31.917581604,31.977240635,1732855,0.0,1.0
446,CSRA,2017-09-07 00:00:00+00:00,32.51,32.761,32.42,32.69,897892,32.3252516494,32.5748252626,32.2357631029,32.5042287425,897892,0.0,1.0
447,CSRA,2017-09-08 00:00:00+00:00,32.19,32.5,32.07,32.47,1423834,32.0070701506,32.3153084776,31.8877520885,32.2854789621,1423834,0.0,1.0
448,CSRA,2017-09-11 00:00:00+00:00,32.61,32.86,32.365,32.41,1684153,32.4246833678,32.6732626638,32.1810756578,32.225819931,1684153,0.0,1.0
449,CSRA,2017-09-12 00:00:00+00:00,32.56,32.7221,32.34,32.64,1192409,32.3749675086,32.5361463241,32.1562177282,32.4545128833,1192409,0.0,1.0
450,CSRA,2017-09-13 00:00:00+00:00,32.32,32.6,32.16,32.52,1380124,32.1363313845,32.414740196,31.977240635,32.3351948213,1380124,0.0,1.0
451,CSRA,2017-09-14 00:00:00+00:00,31.61,32.15,31.57,32.15,1706997,31.4303661839,31.9672974632,31.3905934965,31.9672974632,1706997,0.0,1.0
452,CSRA,2017-09-15 00:00:00+00:00,31.98,32.41,31.71,32.11,5408444,31.7982635419,32.225819931,31.5297979023,31.9275247759,5408444,0.0,1.0
453,CSRA,2017-09-18 00:00:00+00:00,31.63,32.13,31.575,31.92,1993185,31.4502525276,31.9474111195,31.3955650825,31.7386045109,1993185,0.0,1.0
454,CSRA,2017-09-19 00:00:00+00:00,31.75,31.89,31.5,31.72,1242375,31.5695705896,31.7087749954,31.3209912937,31.5397410741,1242375,0.0,1.0
455,CSRA,2017-09-20 00:00:00+00:00,31.99,32.08,31.654,31.78,1104154,31.8082067138,31.8976952603,31.47411614,31.5994001052,1104154,0.0,1.0
456,CSRA,2017-09-21 00:00:00+00:00,32.09,32.325,31.9,31.9,981678,31.9076384322,32.1413029704,31.7187181672,31.7187181672,981678,0.0,1.0
457,CSRA,2017-09-22 00:00:00+00:00,32.06,32.32,31.93,32.09,958607,31.8778089167,32.1363313845,31.7485476827,31.9076384322,958607,0.0,1.0
458,CSRA,2017-09-25 00:00:00+00:00,31.81,32.04,31.46,32.02,760196,31.6292296207,31.857922573,31.2812186063,31.8380362293,760196,0.0,1.0
459,CSRA,2017-09-26 00:00:00+00:00,31.94,32.06,31.83,31.99,775719,31.7584908546,31.8778089167,31.6491159644,31.8082067138,775719,0.0,1.0
460,CSRA,2017-09-27 00:00:00+00:00,32.11,32.29,31.98,32.05,1111279,31.9275247759,32.106501869,31.7982635419,31.8678657448,1111279,0.0,1.0
461,CSRA,2017-09-28 00:00:00+00:00,32.04,32.1,31.44,31.83,1235211,31.857922573,31.917581604,31.2613322626,31.6491159644,1235211,0.0,1.0
462,CSRA,2017-09-29 00:00:00+00:00,32.27,32.31,31.82,31.98,1009475,32.0866155253,32.1263882126,31.6391727925,31.7982635419,1009475,0.0,1.0
463,CSRA,2017-10-02 00:00:00+00:00,32.68,32.77,32.29,32.32,668640,32.4942855707,32.5837741172,32.106501869,32.1363313845,668640,0.0,1.0
464,CSRA,2017-10-03 00:00:00+00:00,31.97,32.16,31.76,31.8,1008561,31.7883203701,31.977240635,31.5795137615,31.6192864488,1008561,0.0,1.0
465,CSRA,2017-10-04 00:00:00+00:00,31.98,32.11,31.73,31.97,860790,31.7982635419,31.9275247759,31.549684246,31.7883203701,860790,0.0,1.0
466,CSRA,2017-10-05 00:00:00+00:00,31.62,31.899,31.44,31.83,953439,31.4403093557,31.71772385,31.2613322626,31.6491159644,953439,0.0,1.0
467,CSRA,2017-10-06 00:00:00+00:00,31.35,31.57,31.1,31.57,1868491,31.1718437161,31.3905934965,30.9232644201,31.3905934965,1868491,0.0,1.0
468,CSRA,2017-10-09 00:00:00+00:00,31.67,31.71,31.04,31.27,970910,31.4900252149,31.5297979023,30.8636053891,31.0922983414,970910,0.0,1.0
469,CSRA,2017-10-10 00:00:00+00:00,31.86,31.88,31.52,31.75,721294,31.6789454799,31.6988318235,31.3408776373,31.5695705896,721294,0.0,1.0
470,CSRA,2017-10-11 00:00:00+00:00,31.03,31.85,30.92,31.85,1033071,30.8536622172,31.669002308,30.744287327,31.669002308,1033071,0.0,1.0
471,CSRA,2017-10-12 00:00:00+00:00,31.38,31.41,30.79,30.94,995853,31.2016732316,31.2315027471,30.6150260931,30.7641736707,995853,0.0,1.0
472,CSRA,2017-10-13 00:00:00+00:00,31.38,31.49,31.06,31.47,559079,31.2016732316,31.3110481218,30.8834917327,31.2911617781,559079,0.0,1.0
473,CSRA,2017-10-16 00:00:00+00:00,31.24,31.41,31.21,31.4,489496,31.0624688258,31.2315027471,31.0326393103,31.2215595753,489496,0.0,1.0
474,CSRA,2017-10-17 00:00:00+00:00,31.11,31.32,31.04,31.17,646416,30.9332075919,31.1420142006,30.8636053891,30.992866623,646416,0.0,1.0
475,CSRA,2017-10-18 00:00:00+00:00,31.18,31.35,31.18,31.24,795570,31.0028097948,31.1718437161,31.0028097948,31.0624688258,795570,0.0,1.0
476,CSRA,2017-10-19 00:00:00+00:00,31.25,31.3,31.0,31.09,436682,31.0724119977,31.1221278569,30.8238327017,30.9133212482,436682,0.0,1.0
477,CSRA,2017-10-20 00:00:00+00:00,31.73,31.76,31.31,31.36,1087479,31.549684246,31.5795137615,31.1320710287,31.1817868879,1087479,0.0,1.0
478,CSRA,2017-10-23 00:00:00+00:00,31.59,31.8,31.56,31.8,723559,31.4104798402,31.6192864488,31.3806503247,31.6192864488,723559,0.0,1.0
479,CSRA,2017-10-24 00:00:00+00:00,31.54,31.74,31.5,31.58,521161,31.360763981,31.5596274178,31.3209912937,31.4005366684,521161,0.0,1.0
480,CSRA,2017-10-25 00:00:00+00:00,31.86,32.16,31.73,32.0,1122202,31.6789454799,31.977240635,31.549684246,31.8181498856,1122202,0.0,1.0
481,CSRA,2017-10-26 00:00:00+00:00,31.84,32.18,31.84,31.91,1344988,31.6590591362,31.9971269787,31.6590591362,31.7286613391,1344988,0.0,1.0
482,CSRA,2017-10-27 00:00:00+00:00,31.56,31.83,31.48,31.83,560428,31.3806503247,31.6491159644,31.30110495,31.6491159644,560428,0.0,1.0
483,CSRA,2017-10-30 00:00:00+00:00,31.85,32.12,31.47,31.5,684485,31.669002308,31.9374679477,31.2911617781,31.3209912937,684485,0.0,1.0
484,CSRA,2017-10-31 00:00:00+00:00,31.99,32.2,31.87,31.9,935845,31.8082067138,32.0170133224,31.6888886517,31.7187181672,935845,0.0,1.0
485,CSRA,2017-11-01 00:00:00+00:00,32.02,32.34,31.98,32.1,747059,31.8380362293,32.1562177282,31.7982635419,31.917581604,747059,0.0,1.0
486,CSRA,2017-11-02 00:00:00+00:00,31.87,32.16,31.55,32.06,681082,31.6888886517,31.977240635,31.3707071529,31.8778089167,681082,0.0,1.0
487,CSRA,2017-11-03 00:00:00+00:00,31.34,31.835,31.29,31.75,667039,31.1619005442,31.6540875503,31.112184685,31.5695705896,667039,0.0,1.0
488,CSRA,2017-11-06 00:00:00+00:00,31.75,31.99,31.26,31.39,1056471,31.5695705896,31.8082067138,31.0823551695,31.2116164034,1056471,0.0,1.0
489,CSRA,2017-11-07 00:00:00+00:00,31.73,31.99,31.56,31.8,1448393,31.549684246,31.8082067138,31.3806503247,31.6192864488,1448393,0.0,1.0
490,CSRA,2017-11-08 00:00:00+00:00,29.56,31.62,29.02,31.3,4131943,29.3920159568,31.4403093557,28.8550846775,31.1221278569,4131943,0.0,1.0
491,CSRA,2017-11-09 00:00:00+00:00,29.03,29.75,28.84,29.37,1630789,28.8650278494,29.5809362218,28.6761075844,29.2030956919,1630789,0.0,1.0
492,CSRA,2017-11-10 00:00:00+00:00,28.82,29.075,28.72,28.9,1220688,28.6562212407,28.9097721226,28.5567895223,28.7357666155,1220688,0.0,1.0
493,CSRA,2017-11-13 00:00:00+00:00,28.54,28.8,28.34,28.76,1230896,28.3778124292,28.6363348971,28.1789489925,28.5965622097,1230896,0.0,1.0
494,CSRA,2017-11-14 00:00:00+00:00,28.03,28.55,27.965,28.34,1039561,27.8707106654,28.3877556011,27.8060800485,28.1789489925,1039561,0.0,1.0
495,CSRA,2017-11-15 00:00:00+00:00,27.54,27.9,27.38,27.9,1452417,27.3834952453,27.7414494315,27.2244044959,27.7414494315,1452417,0.0,1.0
496,CSRA,2017-11-16 00:00:00+00:00,27.95,28.04,27.67,27.67,765820,27.7911652907,27.8806538373,27.5127564792,27.5127564792,765820,0.0,1.0
497,CSRA,2017-11-17 00:00:00+00:00,27.62,27.87,27.55,27.81,772196,27.46304062,27.711619916,27.3934384172,27.651960885,772196,0.0,1.0
498,CSRA,2017-11-20 00:00:00+00:00,27.53,27.7,27.46,27.55,547659,27.3735520735,27.5425859947,27.3039498706,27.3934384172,547659,0.0,1.0
499,CSRA,2017-11-21 00:00:00+00:00,28.66,28.66,27.881,27.93,1586245,28.4971304913,28.4971304913,27.722557405,27.771278947,1586245,0.0,1.0
500,CSRA,2017-11-22 00:00:00+00:00,28.54,28.91,28.51,28.57,975835,28.3778124292,28.7457097873,28.3479829137,28.4076419448,975835,0.0,1.0
501,CSRA,2017-11-24 00:00:00+00:00,28.28,28.62,28.17,28.62,227724,28.1192899614,28.457357804,28.0099150712,28.457357804,227724,0.0,1.0
502,CSRA,2017-11-27 00:00:00+00:00,28.42,28.51,28.21,28.36,1321033,28.2584943672,28.3479829137,28.0496877585,28.1988353361,1321033,0.0,1.0
503,CSRA,2017-11-28 00:00:00+00:00,28.62,28.63,28.1,28.4,1740441,28.457357804,28.4673009758,27.9403128683,28.2386080235,1740441,0.0,1.0
504,CSRA,2017-11-29 00:00:00+00:00,28.51,28.68,28.32,28.63,1462671,28.3479829137,28.517016835,28.1590626488,28.4673009758,1462671,0.0,1.0
505,CSRA,2017-11-30 00:00:00+00:00,28.93,29.21,28.46,28.64,2207872,28.765596131,29.0440049425,28.2982670545,28.4772441476,2207872,0.0,1.0
506,CSRA,2017-12-01 00:00:00+00:00,28.69,29.02,28.2,28.92,1219410,28.5269600068,28.8550846775,28.0397445867,28.7556529591,1219410,0.0,1.0
507,CSRA,2017-12-04 00:00:00+00:00,29.24,29.56,28.87,28.87,1344887,29.073834458,29.3920159568,28.7059370999,28.7059370999,1344887,0.0,1.0
508,CSRA,2017-12-05 00:00:00+00:00,28.98,29.27,28.88,29.2,1089825,28.8153119902,29.1036639735,28.7158802718,29.0340617706,1089825,0.0,1.0
509,CSRA,2017-12-06 00:00:00+00:00,28.94,29.18,28.82,28.91,992422,28.7755393028,29.0141754269,28.6562212407,28.7457097873,992422,0.0,1.0
510,CSRA,2017-12-07 00:00:00+00:00,29.34,29.44,28.87,28.87,1134250,29.1732661764,29.2726978948,28.7059370999,28.7059370999,1134250,0.0,1.0
511,CSRA,2017-12-08 00:00:00+00:00,29.24,29.54,29.02,29.48,574585,29.073834458,29.3721296132,28.8550846775,29.3124705821,574585,0.0,1.0
512,CSRA,2017-12-11 00:00:00+00:00,29.37,29.49,29.18,29.27,837777,29.2030956919,29.322413754,29.0141754269,29.1036639735,837777,0.0,1.0
513,CSRA,2017-12-12 00:00:00+00:00,29.17,29.45,29.1,29.36,794648,29.0042322551,29.2826410666,28.9346300522,29.1931525201,794648,0.0,1.0
514,CSRA,2017-12-13 00:00:00+00:00,29.88,30.14,29.21,29.25,1686970,29.7101974557,29.9687199235,29.0440049425,29.0837776298,1686970,0.0,1.0
515,CSRA,2017-12-14 00:00:00+00:00,29.7,30.03,29.595,30.005,945143,29.5312203626,29.8593450333,29.4268170583,29.8344871037,945143,0.0,1.0
516,CSRA,2017-12-15 00:00:00+00:00,30.13,30.31,29.8498,29.93,2155782,29.9587767517,30.1377538448,29.6801690767,29.7599133149,2155782,0.0,1.0
517,CSRA,2017-12-18 00:00:00+00:00,30.66,30.69,30.07,30.38,1320297,30.4857648592,30.5155943747,29.8991177206,30.2073560477,1320297,0.0,1.0
518,CSRA,2017-12-19 00:00:00+00:00,30.39,30.62,30.1,30.42,914273,30.2172992195,30.4459921718,29.9289472362,30.247128735,914273,0.0,1.0
519,CSRA,2017-12-20 00:00:00+00:00,30.42,30.575,30.36,30.43,1090923,30.247128735,30.4012478985,30.187469704,30.2570719069,1090923,0.0,1.0
520,CSRA,2017-12-21 00:00:00+00:00,30.28,30.58,30.11,30.49,790119,30.1079243293,30.4062194844,29.938890408,30.3167309379,790119,0.0,1.0
521,CSRA,2017-12-22 00:00:00+00:00,30.23,30.4,30.0725,30.32,482809,30.0582084701,30.2272423913,29.9016035136,30.1476970166,482809,0.0,1.0
522,CSRA,2017-12-26 00:00:00+00:00,30.28,30.41,30.04,30.16,810433,30.1079243293,30.2371855632,29.8692882051,29.9886062672,810433,0.0,1.0
523,CSRA,2017-12-27 00:00:00+00:00,30.49,30.61,30.31,30.31,885602,30.3167309379,30.436049,30.1377538448,30.1377538448,885602,0.0,1.0
524,CSRA,2017-12-28 00:00:00+00:00,30.05,30.51,29.94,30.49,659819,29.879231377,30.3366172816,29.7698564867,30.3167309379,659819,0.0,1.0
525,CSRA,2017-12-29 00:00:00+00:00,29.92,30.23,29.8,30.15,821367,29.7499701431,30.0582084701,29.630652081,29.9786630954,821367,0.0,1.0
526,CSRA,2018-01-02 00:00:00+00:00,30.44,30.47,29.93,30.01,644594,30.2670150787,30.2968445942,29.7599133149,29.8394586896,644594,0.0,1.0
527,CSRA,2018-01-03 00:00:00+00:00,30.47,30.65,30.07,30.56,771586,30.3962763126,30.5758407936,29.9972441326,30.4860585531,771586,0.1,1.0
528,CSRA,2018-01-04 00:00:00+00:00,30.81,30.97,30.62,30.67,1088478,30.7354536656,30.8950665376,30.5459133801,30.5957924026,1088478,0.0,1.0
529,CSRA,2018-01-05 00:00:00+00:00,31.07,31.19,30.8,30.93,793214,30.9948245826,31.1145342366,30.7254778611,30.8551633196,793214,0.0,1.0
530,CSRA,2018-01-08 00:00:00+00:00,31.08,31.31,30.9,31.01,1654613,31.0048003871,31.2342438906,30.8252359061,30.9349697556,1654613,0.0,1.0
531,CSRA,2018-01-09 00:00:00+00:00,30.77,31.19,30.74,31.19,745407,30.6955504476,31.1145342366,30.6656230341,31.1145342366,745407,0.0,1.0
532,CSRA,2018-01-10 00:00:00+00:00,31.62,31.63,30.69,30.78,936209,31.5434938301,31.5534696346,30.6157440116,30.7055262521,936209,0.0,1.0
533,CSRA,2018-01-11 00:00:00+00:00,32.11,32.145,31.54,31.64,1050247,32.0323082507,32.0672235664,31.4636873941,31.5634454391,1050247,0.0,1.0
534,CSRA,2018-01-12 00:00:00+00:00,32.08,32.26,31.89,32.16,976465,32.0023808372,32.1819453182,31.8128405517,32.0821872732,976465,0.0,1.0
535,CSRA,2018-01-16 00:00:00+00:00,31.94,32.33,31.81,32.29,985432,31.8627195742,32.2517759497,31.7330341157,32.2118727317,985432,0.0,1.0
536,CSRA,2018-01-17 00:00:00+00:00,31.94,32.11,31.72,32.11,551861,31.8627195742,32.0323082507,31.6432518752,32.0323082507,551861,0.0,1.0
537,CSRA,2018-01-18 00:00:00+00:00,31.66,32.02,31.56,31.98,907746,31.5833970481,31.9425260102,31.4836390031,31.9026227922,907746,0.0,1.0
538,CSRA,2018-01-19 00:00:00+00:00,32.16,32.2,31.57,31.7,790219,32.0821872732,32.1220904912,31.4936148076,31.6233002662,790219,0.0,1.0
539,CSRA,2018-01-22 00:00:00+00:00,32.2,32.22,31.91,32.14,625098,32.1220904912,32.1420421002,31.8327921607,32.0622356642,625098,0.0,1.0
540,CSRA,2018-01-23 00:00:00+00:00,32.57,32.58,32.2,32.37,539443,32.4911952577,32.5011710622,32.1220904912,32.2916791677,539443,0.0,1.0
541,CSRA,2018-01-24 00:00:00+00:00,32.6,32.86,32.51,32.55,634662,32.5211226712,32.7804935882,32.4313404307,32.4712436487,634662,0.0,1.0
542,CSRA,2018-01-25 00:00:00+00:00,32.82,32.96,32.52,32.7,497387,32.7405903702,32.8802516332,32.4413162352,32.6208807162,497387,0.0,1.0
543,CSRA,2018-01-26 00:00:00+00:00,33.07,33.07,32.6,32.86,968482,32.9899854827,32.9899854827,32.5211226712,32.7804935882,968482,0.0,1.0
544,CSRA,2018-01-29 00:00:00+00:00,33.26,33.41,32.97,32.97,712671,33.1795257682,33.3291628357,32.8902274377,32.8902274377,712671,0.0,1.0
545,CSRA,2018-01-30 00:00:00+00:00,32.86,33.23,32.71,33.12,497301,32.7804935882,33.1495983547,32.6308565207,33.0398645052,497301,0.0,1.0
546,CSRA,2018-01-31 00:00:00+00:00,33.28,33.39,32.945,32.98,1057395,33.1994773772,33.3092112267,32.8652879264,32.9002032422,1057395,0.0,1.0
547,CSRA,2018-02-01 00:00:00+00:00,33.69,33.79,33.045,33.17,1048992,33.6084853617,33.7082434067,32.9650459714,33.0897435277,1048992,0.0,1.0
548,CSRA,2018-02-02 00:00:00+00:00,32.35,33.44,32.34,33.44,798490,32.2717275587,33.3590902492,32.2617517542,33.3590902492,798490,0.0,1.0
549,CSRA,2018-02-05 00:00:00+00:00,30.96,32.24,30.895,31.99,1088779,30.8850907331,32.1619937092,30.8202480039,31.9125985967,1088779,0.0,1.0
550,CSRA,2018-02-06 00:00:00+00:00,30.55,30.79,29.88,30.3,1498596,30.4760827486,30.7155020566,29.8077038471,30.2266876361,1498596,0.0,1.0
551,CSRA,2018-02-07 00:00:00+00:00,31.35,31.56,30.35,30.37,1610465,31.2741471086,31.4836390031,30.2765666586,30.2965182676,1610465,0.0,1.0
552,CSRA,2018-02-08 00:00:00+00:00,30.85,32.88,30.84,32.0,2474521,30.7753568836,32.8004451972,30.7653810791,31.9225744012,2474521,0.0,1.0
553,CSRA,2018-02-09 00:00:00+00:00,30.82,31.27,29.81,31.26,1730506,30.7454294701,31.1943406726,29.7378732156,31.1843648681,1730506,0.0,1.0
554,CSRA,2018-02-12 00:00:00+00:00,40.39,40.58,40.385,40.56,43754953,40.292274377,40.4818146625,40.2872864747,40.4618630535,43754953,0.0,1.0
555,CSRA,2018-02-13 00:00:00+00:00,40.58,40.65,40.4,40.4,15840322,40.4818146625,40.551645294,40.3022501815,40.3022501815,15840322,0.0,1.0
556,CSRA,2018-02-14 00:00:00+00:00,40.51,40.61,40.49,40.49,5284523,40.411984031,40.511742076,40.392032422,40.392032422,5284523,0.0,1.0
557,CSRA,2018-02-15 00:00:00+00:00,40.52,40.57,40.46,40.52,5285157,40.4219598355,40.471838858,40.3621050085,40.4219598355,5285157,0.0,1.0
558,CSRA,2018-02-16 00:00:00+00:00,40.56,40.6,40.48,40.48,6122010,40.4618630535,40.5017662715,40.3820566175,40.3820566175,6122010,0.0,1.0
559,CSRA,2018-02-20 00:00:00+00:00,40.58,40.71,40.5,40.58,3796882,40.4818146625,40.611500121,40.4020082265,40.4818146625,3796882,0.0,1.0
560,CSRA,2018-02-21 00:00:00+00:00,40.54,40.84,40.53,40.57,3125350,40.4419114445,40.7411855795,40.43193564,40.471838858,3125350,0.0,1.0
561,CSRA,2018-02-22 00:00:00+00:00,40.52,40.67,40.48,40.63,4799460,40.4219598355,40.571596903,40.3820566175,40.531693685,4799460,0.0,1.0
562,CSRA,2018-02-23 00:00:00+00:00,40.54,40.6,40.515,40.55,2941749,40.4419114445,40.5017662715,40.4169719332,40.451887249,2941749,0.0,1.0
563,CSRA,2018-02-26 00:00:00+00:00,40.58,40.65,40.52,40.56,2472565,40.4818146625,40.551645294,40.4219598355,40.4618630535,2472565,0.0,1.0
564,CSRA,2018-02-27 00:00:00+00:00,40.53,40.67,40.51,40.62,3061120,40.43193564,40.571596903,40.411984031,40.5217178805,3061120,0.0,1.0
565,CSRA,2018-02-28 00:00:00+00:00,40.53,40.59,40.52,40.55,3914356,40.43193564,40.491790467,40.4219598355,40.451887249,3914356,0.0,1.0
566,CSRA,2018-03-01 00:00:00+00:00,40.51,40.58,40.51,40.54,6146186,40.411984031,40.4818146625,40.411984031,40.4419114445,6146186,0.0,1.0
567,CSRA,2018-03-02 00:00:00+00:00,40.53,40.57,40.5,40.5,7182844,40.43193564,40.471838858,40.4020082265,40.4020082265,7182844,0.0,1.0
568,CSRA,2018-03-05 00:00:00+00:00,40.7,40.7,40.53,40.54,4608682,40.6015243165,40.6015243165,40.43193564,40.4419114445,4608682,0.0,1.0
569,CSRA,2018-03-06 00:00:00+00:00,40.61,40.76,40.58,40.65,4527334,40.511742076,40.6613791435,40.4818146625,40.551645294,4527334,0.0,1.0
570,CSRA,2018-03-07 00:00:00+00:00,40.65,40.73,40.6,40.61,3194708,40.551645294,40.63145173,40.5017662715,40.511742076,3194708,0.0,1.0
571,CSRA,2018-03-08 00:00:00+00:00,40.63,40.69,40.56,40.66,2343894,40.531693685,40.591548512,40.4618630535,40.5616210985,2343894,0.0,1.0
572,CSRA,2018-03-09 00:00:00+00:00,40.57,40.64,40.56,40.61,2788086,40.471838858,40.5416694895,40.4618630535,40.511742076,2788086,0.0,1.0
573,CSRA,2018-03-12 00:00:00+00:00,40.6,40.65,40.57,40.6,3789004,40.5017662715,40.551645294,40.471838858,40.5017662715,3789004,0.0,1.0
574,CSRA,2018-03-13 00:00:00+00:00,40.58,40.65,40.57,40.6,3518120,40.4818146625,40.551645294,40.471838858,40.5017662715,3518120,0.0,1.0
575,CSRA,2018-03-14 00:00:00+00:00,40.67,40.72,40.66,40.67,3323079,40.571596903,40.6214759255,40.5616210985,40.571596903,3323079,0.0,1.0
576,CSRA,2018-03-15 00:00:00+00:00,40.67,40.7,40.67,40.68,1654977,40.571596903,40.6015243165,40.571596903,40.5815727075,1654977,0.0,1.0
577,CSRA,2018-03-16 00:00:00+00:00,40.65,40.7,40.65,40.67,3990240,40.551645294,40.6015243165,40.551645294,40.571596903,3990240,0.0,1.0
578,CSRA,2018-03-19 00:00:00+00:00,41.02,41.46,40.92,41.32,9324678,40.9207500605,41.3596854585,40.8209920155,41.2200241955,9324678,0.0,1.0
579,CSRA,2018-03-20 00:00:00+00:00,41.48,41.48,41.31,41.4,7683648,41.3796370675,41.3796370675,41.210048391,41.2998306315,7683648,0.0,1.0
580,CSRA,2018-03-21 00:00:00+00:00,41.57,41.57,41.46,41.46,2582144,41.469419308,41.469419308,41.3596854585,41.3596854585,2582144,0.0,1.0
581,CSRA,2018-03-22 00:00:00+00:00,41.44,41.56,41.42,41.48,7081692,41.3397338495,41.4594435035,41.3197822405,41.3796370675,7081692,0.0,1.0
582,CSRA,2018-03-23 00:00:00+00:00,41.44,41.6,41.4,41.5,6467017,41.3397338495,41.4993467215,41.2998306315,41.3995886765,6467017,0.0,1.0
583,CSRA,2018-03-26 00:00:00+00:00,41.4,41.56,41.36,41.55,2464826,41.2998306315,41.4594435035,41.2599274135,41.449467699,2464826,0.0,1.0
584,CSRA,2018-03-27 00:00:00+00:00,41.33,41.46,41.32,41.4,4992131,41.23,41.3596854585,41.2200241955,41.2998306315,4992131,0.0,1.0
585,CSRA,2018-03-28 00:00:00+00:00,41.23,41.24,41.21,41.23,11454381,41.23,41.24,41.21,41.23,11454381,0.1,1.0
586,CSRA,2018-03-29 00:00:00+00:00,41.23,41.23,41.21,41.22,4044048,41.23,41.23,41.21,41.22,4044048,0.0,1.0
587,CSRA,2018-04-02 00:00:00+00:00,41.22,41.24,41.22,41.22,7243468,41.22,41.24,41.22,41.22,7243468,0.0,1.0
588,CSRA,2018-04-03 00:00:00+00:00,41.23,41.26,41.23,41.26,17928678,41.23,41.26,41.23,41.26,17928678,0.0,1.0
589,CSRA,2018-04-04 00:00:00+00:00,41.23,41.23,41.23,41.23,0,41.23,41.23,41.23,41.23,0,0.0,1.0
