,Name,Date,Close,High,Low,Open,Volume,Adj Close,Adjhigh,Adjlow,Adjopen,Adjvolume,Divcash,Splitfactor
0,IR,2017-05-12 00:00:00+00:00,21.1,21.3,20.27,21.25,10933718,21.1,21.3,20.27,21.25,10933718,0.0,1.0
1,IR,2017-05-15 00:00:00+00:00,22.02,22.3,21.01,21.01,3487278,22.02,22.3,21.01,21.01,3487278,0.0,1.0
2,IR,2017-05-16 00:00:00+00:00,22.1,22.41,22.05,22.19,1289339,22.1,22.41,22.05,22.19,1289339,0.0,1.0
3,IR,2017-05-17 00:00:00+00:00,22.1,22.51,21.67,22.15,1583699,22.1,22.51,21.67,22.15,1583699,0.0,1.0
4,IR,2017-05-18 00:00:00+00:00,22.5,23.63,21.98,22.19,4075173,22.5,23.63,21.98,22.19,4075173,0.0,1.0
5,IR,2017-05-19 00:00:00+00:00,22.72,23.49,22.32,22.56,1248618,22.72,23.49,22.32,22.56,1248618,0.0,1.0
6,IR,2017-05-22 00:00:00+00:00,22.89,23.09,22.52,22.8,383071,22.89,23.09,22.52,22.8,383071,0.0,1.0
7,IR,2017-05-23 00:00:00+00:00,23.45,23.61,22.65,22.99,703985,23.45,23.61,22.65,22.99,703985,0.0,1.0
8,IR,2017-05-24 00:00:00+00:00,23.35,23.593,23.01,23.54,408791,23.35,23.593,23.01,23.54,408791,0.0,1.0
9,IR,2017-05-25 00:00:00+00:00,22.51,23.82,22.31,23.42,1080743,22.51,23.82,22.31,23.42,1080743,0.0,1.0
10,IR,2017-05-26 00:00:00+00:00,23.03,23.24,22.355,22.55,721073,23.03,23.24,22.355,22.55,721073,0.0,1.0
11,IR,2017-05-30 00:00:00+00:00,22.95,23.29,22.59,23.0,843125,22.95,23.29,22.59,23.0,843125,0.0,1.0
12,IR,2017-05-31 00:00:00+00:00,22.93,23.18,22.67,22.97,484429,22.93,23.18,22.67,22.97,484429,0.0,1.0
13,IR,2017-06-01 00:00:00+00:00,22.93,23.435,22.81,22.91,486400,22.93,23.435,22.81,22.91,486400,0.0,1.0
14,IR,2017-06-02 00:00:00+00:00,22.65,23.1,22.6,22.89,546591,22.65,23.1,22.6,22.89,546591,0.0,1.0
15,IR,2017-06-05 00:00:00+00:00,22.63,22.91,21.92,22.61,422153,22.63,22.91,21.92,22.61,422153,0.0,1.0
16,IR,2017-06-06 00:00:00+00:00,22.29,22.71,21.83,21.83,1089496,22.29,22.71,21.83,21.83,1089496,0.0,1.0
17,IR,2017-06-07 00:00:00+00:00,21.76,22.79,21.57,22.4,733543,21.76,22.79,21.57,22.4,733543,0.0,1.0
18,IR,2017-06-08 00:00:00+00:00,21.65,21.93,21.61,21.75,432553,21.65,21.93,21.61,21.75,432553,0.0,1.0
19,IR,2017-06-09 00:00:00+00:00,22.49,22.82,21.68,21.68,565863,22.49,22.82,21.68,21.68,565863,0.0,1.0
20,IR,2017-06-12 00:00:00+00:00,23.03,23.58,21.89,22.46,826169,23.03,23.58,21.89,22.46,826169,0.0,1.0
21,IR,2017-06-13 00:00:00+00:00,23.49,24.24,22.8,22.99,927265,23.49,24.24,22.8,22.99,927265,0.0,1.0
22,IR,2017-06-14 00:00:00+00:00,23.25,23.71,22.55,23.57,1988480,23.25,23.71,22.55,23.57,1988480,0.0,1.0
23,IR,2017-06-15 00:00:00+00:00,22.99,24.55,22.77,23.08,1510315,22.99,24.55,22.77,23.08,1510315,0.0,1.0
24,IR,2017-06-16 00:00:00+00:00,23.92,24.0,23.0,23.0,2465627,23.92,24.0,23.0,23.0,2465627,0.0,1.0
25,IR,2017-06-19 00:00:00+00:00,23.92,24.21,23.54,24.06,460198,23.92,24.21,23.54,24.06,460198,0.0,1.0
26,IR,2017-06-20 00:00:00+00:00,22.62,23.72,22.21,23.72,1043702,22.62,23.72,22.21,23.72,1043702,0.0,1.0
27,IR,2017-06-21 00:00:00+00:00,20.72,22.745,20.63,22.54,1275376,20.72,22.745,20.63,22.54,1275376,0.0,1.0
28,IR,2017-06-22 00:00:00+00:00,21.06,21.07,19.91,20.72,1321878,21.06,21.07,19.91,20.72,1321878,0.0,1.0
29,IR,2017-06-23 00:00:00+00:00,20.47,21.105,20.24,21.03,3690385,20.47,21.105,20.24,21.03,3690385,0.0,1.0
30,IR,2017-06-26 00:00:00+00:00,20.5,21.05,20.08,20.42,790772,20.5,21.05,20.08,20.42,790772,0.0,1.0
31,IR,2017-06-27 00:00:00+00:00,21.29,21.63,20.42,20.56,1029076,21.29,21.63,20.42,20.56,1029076,0.0,1.0
32,IR,2017-06-28 00:00:00+00:00,21.27,21.64,21.14,21.28,737567,21.27,21.64,21.14,21.28,737567,0.0,1.0
33,IR,2017-06-29 00:00:00+00:00,21.43,21.54,21.04,21.33,796188,21.43,21.54,21.04,21.33,796188,0.0,1.0
34,IR,2017-06-30 00:00:00+00:00,21.61,21.74,21.24,21.54,250831,21.61,21.74,21.24,21.54,250831,0.0,1.0
35,IR,2017-07-03 00:00:00+00:00,22.34,22.4,21.39,21.75,396507,22.34,22.4,21.39,21.75,396507,0.0,1.0
36,IR,2017-07-05 00:00:00+00:00,21.82,22.41,21.76,22.38,765815,21.82,22.41,21.76,22.38,765815,0.0,1.0
37,IR,2017-07-06 00:00:00+00:00,20.97,21.61,20.895,21.61,1184427,20.97,21.61,20.895,21.61,1184427,0.0,1.0
38,IR,2017-07-07 00:00:00+00:00,20.67,21.22,20.58,20.99,953857,20.67,21.22,20.58,20.99,953857,0.0,1.0
39,IR,2017-07-10 00:00:00+00:00,21.34,21.48,20.55,20.63,826888,21.34,21.48,20.55,20.63,826888,0.0,1.0
40,IR,2017-07-11 00:00:00+00:00,21.73,21.8,21.02,21.23,656134,21.73,21.8,21.02,21.23,656134,0.0,1.0
41,IR,2017-07-12 00:00:00+00:00,22.13,22.34,21.73,21.78,1091807,22.13,22.34,21.73,21.78,1091807,0.0,1.0
42,IR,2017-07-13 00:00:00+00:00,22.06,22.26,21.86,22.11,1577730,22.06,22.26,21.86,22.11,1577730,0.0,1.0
43,IR,2017-07-14 00:00:00+00:00,22.08,22.29,21.99,22.13,211254,22.08,22.29,21.99,22.13,211254,0.0,1.0
44,IR,2017-07-17 00:00:00+00:00,22.97,23.12,21.923,22.06,1357054,22.97,23.12,21.923,22.06,1357054,0.0,1.0
45,IR,2017-07-18 00:00:00+00:00,23.04,23.21,22.81,22.83,962684,23.04,23.21,22.81,22.83,962684,0.0,1.0
46,IR,2017-07-19 00:00:00+00:00,23.42,23.42,23.0,23.03,742424,23.42,23.42,23.0,23.03,742424,0.0,1.0
47,IR,2017-07-20 00:00:00+00:00,23.55,23.62,23.0,23.41,454431,23.55,23.62,23.0,23.41,454431,0.0,1.0
48,IR,2017-07-21 00:00:00+00:00,23.01,23.69,22.82,23.44,1163239,23.01,23.69,22.82,23.44,1163239,0.0,1.0
49,IR,2017-07-24 00:00:00+00:00,23.14,23.15,22.71,22.93,724428,23.14,23.15,22.71,22.93,724428,0.0,1.0
50,IR,2017-07-25 00:00:00+00:00,23.45,23.56,22.99,23.28,1832279,23.45,23.56,22.99,23.28,1832279,0.0,1.0
51,IR,2017-07-26 00:00:00+00:00,22.82,23.6,22.64,23.6,781210,22.82,23.6,22.64,23.6,781210,0.0,1.0
52,IR,2017-07-27 00:00:00+00:00,23.23,23.25,22.745,22.81,314159,23.23,23.25,22.745,22.81,314159,0.0,1.0
53,IR,2017-07-28 00:00:00+00:00,23.09,23.22,22.88,23.08,260792,23.09,23.22,22.88,23.08,260792,0.0,1.0
54,IR,2017-07-31 00:00:00+00:00,22.96,23.23,22.91,23.23,536924,22.96,23.23,22.91,23.23,536924,0.0,1.0
55,IR,2017-08-01 00:00:00+00:00,22.5,23.0,22.39,23.0,998199,22.5,23.0,22.39,23.0,998199,0.0,1.0
56,IR,2017-08-02 00:00:00+00:00,23.02,23.13,22.5,22.5,1444358,23.02,23.13,22.5,22.5,1444358,0.0,1.0
57,IR,2017-08-03 00:00:00+00:00,23.26,23.997,22.96,23.83,2650329,23.26,23.997,22.96,23.83,2650329,0.0,1.0
58,IR,2017-08-04 00:00:00+00:00,24.07,24.08,23.29,23.46,809595,24.07,24.08,23.29,23.46,809595,0.0,1.0
59,IR,2017-08-07 00:00:00+00:00,24.04,24.34,23.74,24.09,1039061,24.04,24.34,23.74,24.09,1039061,0.0,1.0
60,IR,2017-08-08 00:00:00+00:00,24.13,24.29,23.73,24.06,626655,24.13,24.29,23.73,24.06,626655,0.0,1.0
61,IR,2017-08-09 00:00:00+00:00,23.6,24.064,23.48,24.04,296760,23.6,24.064,23.48,24.04,296760,0.0,1.0
62,IR,2017-08-10 00:00:00+00:00,22.66,23.39,22.52,23.39,1247866,22.66,23.39,22.52,23.39,1247866,0.0,1.0
63,IR,2017-08-11 00:00:00+00:00,22.68,22.91,22.28,22.28,605297,22.68,22.91,22.28,22.28,605297,0.0,1.0
64,IR,2017-08-14 00:00:00+00:00,22.59,23.19,22.16,22.89,970281,22.59,23.19,22.16,22.89,970281,0.0,1.0
65,IR,2017-08-15 00:00:00+00:00,22.69,22.8,22.55,22.69,1061909,22.69,22.8,22.55,22.69,1061909,0.0,1.0
66,IR,2017-08-16 00:00:00+00:00,22.75,22.8699,22.59,22.8,536296,22.75,22.8699,22.59,22.8,536296,0.0,1.0
67,IR,2017-08-17 00:00:00+00:00,22.0,22.81,21.98,22.6,415767,22.0,22.81,21.98,22.6,415767,0.0,1.0
68,IR,2017-08-18 00:00:00+00:00,21.97,22.18,21.76,21.91,506385,21.97,22.18,21.76,21.91,506385,0.0,1.0
69,IR,2017-08-21 00:00:00+00:00,22.39,22.9,22.135,22.66,711969,22.39,22.9,22.135,22.66,711969,0.0,1.0
70,IR,2017-08-22 00:00:00+00:00,22.78,22.85,22.4,22.52,245085,22.78,22.85,22.4,22.52,245085,0.0,1.0
71,IR,2017-08-23 00:00:00+00:00,22.96,23.065,22.58,22.58,612417,22.96,23.065,22.58,22.58,612417,0.0,1.0
72,IR,2017-08-24 00:00:00+00:00,22.7,22.98,22.635,22.98,230258,22.7,22.98,22.635,22.98,230258,0.0,1.0
73,IR,2017-08-25 00:00:00+00:00,22.98,23.04,22.71,22.82,572279,22.98,23.04,22.71,22.82,572279,0.0,1.0
74,IR,2017-08-28 00:00:00+00:00,22.95,23.07,22.745,23.07,355201,22.95,23.07,22.745,23.07,355201,0.0,1.0
75,IR,2017-08-29 00:00:00+00:00,23.06,23.18,22.68,22.81,262197,23.06,23.18,22.68,22.81,262197,0.0,1.0
76,IR,2017-08-30 00:00:00+00:00,23.3,23.31,22.89,22.95,368533,23.3,23.31,22.89,22.95,368533,0.0,1.0
77,IR,2017-08-31 00:00:00+00:00,23.49,23.83,23.29,23.47,382211,23.49,23.83,23.29,23.47,382211,0.0,1.0
78,IR,2017-09-01 00:00:00+00:00,23.7,23.95,23.67,23.7,465509,23.7,23.95,23.67,23.7,465509,0.0,1.0
79,IR,2017-09-05 00:00:00+00:00,23.12,23.87,22.94,23.78,450345,23.12,23.87,22.94,23.78,450345,0.0,1.0
80,IR,2017-09-06 00:00:00+00:00,23.35,23.49,22.92,23.32,400617,23.35,23.49,22.92,23.32,400617,0.0,1.0
81,IR,2017-09-07 00:00:00+00:00,23.61,23.68,23.18,23.43,247264,23.61,23.68,23.18,23.43,247264,0.0,1.0
82,IR,2017-09-08 00:00:00+00:00,23.76,23.93,23.5,23.53,404073,23.76,23.93,23.5,23.53,404073,0.0,1.0
83,IR,2017-09-11 00:00:00+00:00,23.89,24.4,23.84,23.95,386702,23.89,24.4,23.84,23.95,386702,0.0,1.0
84,IR,2017-09-12 00:00:00+00:00,24.53,25.05,23.87,24.06,655510,24.53,25.05,23.87,24.06,655510,0.0,1.0
85,IR,2017-09-13 00:00:00+00:00,24.67,24.8,24.52,24.58,331126,24.67,24.8,24.52,24.58,331126,0.0,1.0
86,IR,2017-09-14 00:00:00+00:00,24.97,25.07,24.57,24.68,480421,24.97,25.07,24.57,24.68,480421,0.0,1.0
87,IR,2017-09-15 00:00:00+00:00,25.09,25.16,24.76,25.0,513780,25.09,25.16,24.76,25.0,513780,0.0,1.0
88,IR,2017-09-18 00:00:00+00:00,25.78,26.0,25.17,25.17,703911,25.78,26.0,25.17,25.17,703911,0.0,1.0
89,IR,2017-09-19 00:00:00+00:00,25.82,26.18,25.58,25.89,421275,25.82,26.18,25.58,25.89,421275,0.0,1.0
90,IR,2017-09-20 00:00:00+00:00,25.98,26.04,25.63,25.86,561009,25.98,26.04,25.63,25.86,561009,0.0,1.0
91,IR,2017-09-21 00:00:00+00:00,25.85,26.09,25.78,26.03,432778,25.85,26.09,25.78,26.03,432778,0.0,1.0
92,IR,2017-09-22 00:00:00+00:00,26.28,26.3,25.7,25.88,269645,26.28,26.3,25.7,25.88,269645,0.0,1.0
93,IR,2017-09-25 00:00:00+00:00,26.4,26.655,26.26,26.32,485646,26.4,26.655,26.26,26.32,485646,0.0,1.0
94,IR,2017-09-26 00:00:00+00:00,26.31,26.74,26.2,26.51,660778,26.31,26.74,26.2,26.51,660778,0.0,1.0
95,IR,2017-09-27 00:00:00+00:00,27.07,27.08,26.21,26.4,557771,27.07,27.08,26.21,26.4,557771,0.0,1.0
96,IR,2017-09-28 00:00:00+00:00,27.33,27.49,27.05,27.05,694414,27.33,27.49,27.05,27.05,694414,0.0,1.0
97,IR,2017-09-29 00:00:00+00:00,27.52,27.65,27.33,27.42,298426,27.52,27.65,27.33,27.42,298426,0.0,1.0
98,IR,2017-10-02 00:00:00+00:00,27.55,27.84,27.22,27.46,473650,27.55,27.84,27.22,27.46,473650,0.0,1.0
99,IR,2017-10-03 00:00:00+00:00,27.63,27.95,27.57,27.95,400178,27.63,27.95,27.57,27.95,400178,0.0,1.0
100,IR,2017-10-04 00:00:00+00:00,26.89,27.6,26.81,27.5,665671,26.89,27.6,26.81,27.5,665671,0.0,1.0
101,IR,2017-10-05 00:00:00+00:00,26.79,27.17,26.74,26.92,417850,26.79,27.17,26.74,26.92,417850,0.0,1.0
102,IR,2017-10-06 00:00:00+00:00,26.6,26.84,26.5,26.61,414025,26.6,26.84,26.5,26.61,414025,0.0,1.0
103,IR,2017-10-09 00:00:00+00:00,26.78,26.85,26.227,26.6,372926,26.78,26.85,26.227,26.6,372926,0.0,1.0
104,IR,2017-10-10 00:00:00+00:00,26.9,27.29,26.78,26.85,257457,26.9,27.29,26.78,26.85,257457,0.0,1.0
105,IR,2017-10-11 00:00:00+00:00,26.86,26.99,26.77,26.88,273850,26.86,26.99,26.77,26.88,273850,0.0,1.0
106,IR,2017-10-12 00:00:00+00:00,26.89,26.98,26.6,26.7,269614,26.89,26.98,26.6,26.7,269614,0.0,1.0
107,IR,2017-10-13 00:00:00+00:00,26.96,27.26,26.53,27.11,379610,26.96,27.26,26.53,27.11,379610,0.0,1.0
108,IR,2017-10-16 00:00:00+00:00,26.92,27.1,26.82,27.0,399191,26.92,27.1,26.82,27.0,399191,0.0,1.0
109,IR,2017-10-17 00:00:00+00:00,26.99,27.22,26.78,26.9,545312,26.99,27.22,26.78,26.9,545312,0.0,1.0
110,IR,2017-10-18 00:00:00+00:00,26.75,27.31,26.61,26.92,566407,26.75,27.31,26.61,26.92,566407,0.0,1.0
111,IR,2017-10-19 00:00:00+00:00,26.36,26.66,26.1,26.47,495544,26.36,26.66,26.1,26.47,495544,0.0,1.0
112,IR,2017-10-20 00:00:00+00:00,26.58,26.81,26.4,26.49,796599,26.58,26.81,26.4,26.49,796599,0.0,1.0
113,IR,2017-10-23 00:00:00+00:00,26.42,26.68,26.2,26.58,467480,26.42,26.68,26.2,26.58,467480,0.0,1.0
114,IR,2017-10-24 00:00:00+00:00,26.6,26.75,26.42,26.53,608230,26.6,26.75,26.42,26.53,608230,0.0,1.0
115,IR,2017-10-25 00:00:00+00:00,26.62,26.77,26.27,26.44,505763,26.62,26.77,26.27,26.44,505763,0.0,1.0
116,IR,2017-10-26 00:00:00+00:00,29.1,29.45,27.59,28.48,328610,29.1,29.45,27.59,28.48,328610,0.0,1.0
117,IR,2017-10-27 00:00:00+00:00,30.42,30.66,29.15,30.06,1433963,30.42,30.66,29.15,30.06,1433963,0.0,1.0
118,IR,2017-10-30 00:00:00+00:00,29.12,30.43,28.8,30.43,1344872,29.12,30.43,28.8,30.43,1344872,0.0,1.0
119,IR,2017-10-31 00:00:00+00:00,28.85,29.51,28.8,29.13,647636,28.85,29.51,28.8,29.13,647636,0.0,1.0
120,IR,2017-11-01 00:00:00+00:00,28.94,29.2,28.87,29.16,837516,28.94,29.2,28.87,29.16,837516,0.0,1.0
121,IR,2017-11-02 00:00:00+00:00,29.31,29.49,28.83,28.89,738298,29.31,29.49,28.83,28.89,738298,0.0,1.0
122,IR,2017-11-03 00:00:00+00:00,28.58,29.36,28.18,29.36,924938,28.58,29.36,28.18,29.36,924938,0.0,1.0
123,IR,2017-11-06 00:00:00+00:00,27.96,28.55,27.93,28.55,659072,27.96,28.55,27.93,28.55,659072,0.0,1.0
124,IR,2017-11-07 00:00:00+00:00,28.0,28.21,27.8,28.05,568285,28.0,28.21,27.8,28.05,568285,0.0,1.0
125,IR,2017-11-08 00:00:00+00:00,28.07,28.58,27.85,28.0,838462,28.07,28.58,27.85,28.0,838462,0.0,1.0
126,IR,2017-11-09 00:00:00+00:00,28.14,28.21,27.4,27.88,1079977,28.14,28.21,27.4,27.88,1079977,0.0,1.0
127,IR,2017-11-10 00:00:00+00:00,28.76,28.84,28.18,28.21,792582,28.76,28.84,28.18,28.21,792582,0.0,1.0
128,IR,2017-11-13 00:00:00+00:00,29.41,29.51,28.1,28.57,883366,29.41,29.51,28.1,28.57,883366,0.0,1.0
129,IR,2017-11-14 00:00:00+00:00,28.66,28.88,28.17,28.56,1090128,28.66,28.88,28.17,28.56,1090128,0.0,1.0
130,IR,2017-11-15 00:00:00+00:00,27.54,28.69,27.53,28.29,860789,27.54,28.69,27.53,28.29,860789,0.0,1.0
131,IR,2017-11-16 00:00:00+00:00,28.89,29.11,27.61,27.88,7596770,28.89,29.11,27.61,27.88,7596770,0.0,1.0
132,IR,2017-11-17 00:00:00+00:00,30.05,30.23,28.72,29.0,2587960,30.05,30.23,28.72,29.0,2587960,0.0,1.0
133,IR,2017-11-20 00:00:00+00:00,30.57,30.94,29.81,30.21,2904280,30.57,30.94,29.81,30.21,2904280,0.0,1.0
134,IR,2017-11-21 00:00:00+00:00,30.73,31.089,30.22,30.81,1687016,30.73,31.089,30.22,30.81,1687016,0.0,1.0
135,IR,2017-11-22 00:00:00+00:00,30.98,31.88,30.805,31.05,1223008,30.98,31.88,30.805,31.05,1223008,0.0,1.0
136,IR,2017-11-24 00:00:00+00:00,31.14,31.515,30.99,31.13,391777,31.14,31.515,30.99,31.13,391777,0.0,1.0
137,IR,2017-11-27 00:00:00+00:00,31.46,31.58,31.22,31.33,1307896,31.46,31.58,31.22,31.33,1307896,0.0,1.0
138,IR,2017-11-28 00:00:00+00:00,31.23,31.6999,31.12,31.59,965734,31.23,31.6999,31.12,31.59,965734,0.0,1.0
139,IR,2017-11-29 00:00:00+00:00,31.15,31.58,31.03,31.11,892760,31.15,31.58,31.03,31.11,892760,0.0,1.0
140,IR,2017-11-30 00:00:00+00:00,32.41,32.51,31.39,31.44,2112831,32.41,32.51,31.39,31.44,2112831,0.0,1.0
141,IR,2017-12-01 00:00:00+00:00,32.08,32.75,31.5701,32.55,2144255,32.08,32.75,31.5701,32.55,2144255,0.0,1.0
142,IR,2017-12-04 00:00:00+00:00,31.45,32.75,31.27,32.44,785757,31.45,32.75,31.27,32.44,785757,0.0,1.0
143,IR,2017-12-05 00:00:00+00:00,31.16,31.75,31.1,31.58,630861,31.16,31.75,31.1,31.58,630861,0.0,1.0
144,IR,2017-12-06 00:00:00+00:00,31.47,31.55,31.001,31.02,463569,31.47,31.55,31.001,31.02,463569,0.0,1.0
145,IR,2017-12-07 00:00:00+00:00,32.18,32.23,31.64,31.66,845778,32.18,32.23,31.64,31.66,845778,0.0,1.0
146,IR,2017-12-08 00:00:00+00:00,32.33,32.5,31.87,32.4,637629,32.33,32.5,31.87,32.4,637629,0.0,1.0
147,IR,2017-12-11 00:00:00+00:00,32.03,32.5,31.96,32.35,331144,32.03,32.5,31.96,32.35,331144,0.0,1.0
148,IR,2017-12-12 00:00:00+00:00,31.68,32.2155,31.66,32.05,435102,31.68,32.2155,31.66,32.05,435102,0.0,1.0
149,IR,2017-12-13 00:00:00+00:00,31.83,31.94,31.61,31.73,1003129,31.83,31.94,31.61,31.73,1003129,0.0,1.0
150,IR,2017-12-14 00:00:00+00:00,31.69,31.99,31.66,31.89,467525,31.69,31.99,31.66,31.89,467525,0.0,1.0
151,IR,2017-12-15 00:00:00+00:00,32.61,32.9,31.9,32.07,1606723,32.61,32.9,31.9,32.07,1606723,0.0,1.0
152,IR,2017-12-18 00:00:00+00:00,33.38,33.57,32.8,33.24,947555,33.38,33.57,32.8,33.24,947555,0.0,1.0
153,IR,2017-12-19 00:00:00+00:00,33.29,33.62,33.16,33.36,977527,33.29,33.62,33.16,33.36,977527,0.0,1.0
154,IR,2017-12-20 00:00:00+00:00,34.01,34.15,33.04,33.29,645041,34.01,34.15,33.04,33.29,645041,0.0,1.0
155,IR,2017-12-21 00:00:00+00:00,34.43,34.56,33.863,34.01,333750,34.43,34.56,33.863,34.01,333750,0.0,1.0
156,IR,2017-12-22 00:00:00+00:00,34.2,34.625,34.02,34.46,323506,34.2,34.625,34.02,34.46,323506,0.0,1.0
157,IR,2017-12-26 00:00:00+00:00,34.03,34.44,33.81,34.44,148721,34.03,34.44,33.81,34.44,148721,0.0,1.0
158,IR,2017-12-27 00:00:00+00:00,34.11,34.32,33.98,34.08,311229,34.11,34.32,33.98,34.08,311229,0.0,1.0
159,IR,2017-12-28 00:00:00+00:00,33.97,34.26,33.63,34.26,282562,33.97,34.26,33.63,34.26,282562,0.0,1.0
160,IR,2017-12-29 00:00:00+00:00,33.93,34.44,33.92,34.11,442326,33.93,34.44,33.92,34.11,442326,0.0,1.0
161,IR,2018-01-02 00:00:00+00:00,33.71,34.27,33.41,34.19,814733,33.71,34.27,33.41,34.19,814733,0.0,1.0
162,IR,2018-01-03 00:00:00+00:00,33.91,34.07,33.52,33.71,806622,33.91,34.07,33.52,33.71,806622,0.0,1.0
163,IR,2018-01-04 00:00:00+00:00,34.07,34.61,34.0,34.07,488403,34.07,34.61,34.0,34.07,488403,0.0,1.0
164,IR,2018-01-05 00:00:00+00:00,34.55,34.79,33.75,33.75,416899,34.55,34.79,33.75,33.75,416899,0.0,1.0
165,IR,2018-01-08 00:00:00+00:00,34.91,35.16,34.51,34.64,573602,34.91,35.16,34.51,34.64,573602,0.0,1.0
166,IR,2018-01-09 00:00:00+00:00,35.09,35.41,34.96,35.09,418782,35.09,35.41,34.96,35.09,418782,0.0,1.0
167,IR,2018-01-10 00:00:00+00:00,34.45,35.3,34.29,34.96,424927,34.45,35.3,34.29,34.96,424927,0.0,1.0
168,IR,2018-01-11 00:00:00+00:00,34.89,34.93,34.565,34.7,248055,34.89,34.93,34.565,34.7,248055,0.0,1.0
169,IR,2018-01-12 00:00:00+00:00,34.56,35.04,34.55,35.0,542063,34.56,35.04,34.55,35.0,542063,0.0,1.0
170,IR,2018-01-16 00:00:00+00:00,35.1,36.08,34.8,34.8,974677,35.1,36.08,34.8,34.8,974677,0.0,1.0
171,IR,2018-01-17 00:00:00+00:00,34.96,35.66,34.86,35.36,868371,34.96,35.66,34.86,35.36,868371,0.0,1.0
172,IR,2018-01-18 00:00:00+00:00,35.2,35.29,34.6,34.95,443061,35.2,35.29,34.6,34.95,443061,0.0,1.0
173,IR,2018-01-19 00:00:00+00:00,35.92,35.95,35.01,35.01,518520,35.92,35.95,35.01,35.01,518520,0.0,1.0
174,IR,2018-01-22 00:00:00+00:00,36.19,36.24,35.63,35.9,660619,36.19,36.24,35.63,35.9,660619,0.0,1.0
175,IR,2018-01-23 00:00:00+00:00,36.69,38.0,36.37,37.59,927869,36.69,38.0,36.37,37.59,927869,0.0,1.0
176,IR,2018-01-24 00:00:00+00:00,36.27,36.999,36.18,36.83,435951,36.27,36.999,36.18,36.83,435951,0.0,1.0
177,IR,2018-01-25 00:00:00+00:00,35.94,36.49,35.52,36.41,660419,35.94,36.49,35.52,36.41,660419,0.0,1.0
178,IR,2018-01-26 00:00:00+00:00,36.28,36.35,35.75,36.2,229456,36.28,36.35,35.75,36.2,229456,0.0,1.0
179,IR,2018-01-29 00:00:00+00:00,36.24,36.42,35.82,36.12,414472,36.24,36.42,35.82,36.12,414472,0.0,1.0
180,IR,2018-01-30 00:00:00+00:00,35.47,36.15,34.45,36.15,795818,35.47,36.15,34.45,36.15,795818,0.0,1.0
181,IR,2018-01-31 00:00:00+00:00,34.58,35.79,34.505,35.75,756159,34.58,35.79,34.505,35.75,756159,0.0,1.0
182,IR,2018-02-01 00:00:00+00:00,35.04,35.27,33.97,35.1,681044,35.04,35.27,33.97,35.1,681044,0.0,1.0
183,IR,2018-02-02 00:00:00+00:00,34.17,34.631,34.03,34.62,637037,34.17,34.631,34.03,34.62,637037,0.0,1.0
184,IR,2018-02-05 00:00:00+00:00,33.51,34.88,32.57,33.83,827465,33.51,34.88,32.57,33.83,827465,0.0,1.0
185,IR,2018-02-06 00:00:00+00:00,33.39,33.82,32.62,32.89,633843,33.39,33.82,32.62,32.89,633843,0.0,1.0
186,IR,2018-02-07 00:00:00+00:00,32.81,33.87,32.77,33.27,790844,32.81,33.87,32.77,33.27,790844,0.0,1.0
187,IR,2018-02-08 00:00:00+00:00,31.57,33.07,31.5501,32.74,872991,31.57,33.07,31.5501,32.74,872991,0.0,1.0
188,IR,2018-02-09 00:00:00+00:00,31.75,32.18,30.47,31.97,1101064,31.75,32.18,30.47,31.97,1101064,0.0,1.0
189,IR,2018-02-12 00:00:00+00:00,32.7,33.04,31.82,31.89,658086,32.7,33.04,31.82,31.89,658086,0.0,1.0
190,IR,2018-02-13 00:00:00+00:00,33.08,33.33,31.9,32.37,875276,33.08,33.33,31.9,32.37,875276,0.0,1.0
191,IR,2018-02-14 00:00:00+00:00,33.51,33.63,32.301,32.76,727726,33.51,33.63,32.301,32.76,727726,0.0,1.0
192,IR,2018-02-15 00:00:00+00:00,34.53,34.6,33.18,33.74,1298367,34.53,34.6,33.18,33.74,1298367,0.0,1.0
193,IR,2018-02-16 00:00:00+00:00,32.85,34.51,31.97,34.51,2624225,32.85,34.51,31.97,34.51,2624225,0.0,1.0
194,IR,2018-02-20 00:00:00+00:00,31.73,33.45,31.73,32.58,1042889,31.73,33.45,31.73,32.58,1042889,0.0,1.0
195,IR,2018-02-21 00:00:00+00:00,31.78,32.35,30.98,31.75,1865804,31.78,32.35,30.98,31.75,1865804,0.0,1.0
196,IR,2018-02-22 00:00:00+00:00,32.06,32.51,31.76,31.76,588497,32.06,32.51,31.76,31.76,588497,0.0,1.0
197,IR,2018-02-23 00:00:00+00:00,32.88,32.92,31.94,32.1,500751,32.88,32.92,31.94,32.1,500751,0.0,1.0
198,IR,2018-02-26 00:00:00+00:00,33.0,33.24,32.53,32.95,478594,33.0,33.24,32.53,32.95,478594,0.0,1.0
199,IR,2018-02-27 00:00:00+00:00,32.68,33.29,32.64,33.07,461565,32.68,33.29,32.64,33.07,461565,0.0,1.0
200,IR,2018-02-28 00:00:00+00:00,32.01,33.205,32.01,32.9,644924,32.01,33.205,32.01,32.9,644924,0.0,1.0
201,IR,2018-03-01 00:00:00+00:00,30.89,32.09,30.75,32.03,936551,30.89,32.09,30.75,32.03,936551,0.0,1.0
202,IR,2018-03-02 00:00:00+00:00,31.8,31.94,30.37,30.67,675189,31.8,31.94,30.37,30.67,675189,0.0,1.0
203,IR,2018-03-05 00:00:00+00:00,32.04,32.13,31.1,31.62,592541,32.04,32.13,31.1,31.62,592541,0.0,1.0
204,IR,2018-03-06 00:00:00+00:00,31.81,32.37,31.77,32.1,877271,31.81,32.37,31.77,32.1,877271,0.0,1.0
205,IR,2018-03-07 00:00:00+00:00,31.82,32.045,31.39,31.39,638815,31.82,32.045,31.39,31.39,638815,0.0,1.0
206,IR,2018-03-08 00:00:00+00:00,32.37,32.65,31.8,31.8,533303,32.37,32.65,31.8,31.8,533303,0.0,1.0
207,IR,2018-03-09 00:00:00+00:00,33.0,33.23,32.51,32.58,814826,33.0,33.23,32.51,32.58,814826,0.0,1.0
208,IR,2018-03-12 00:00:00+00:00,32.64,33.33,32.5,32.95,485346,32.64,33.33,32.5,32.95,485346,0.0,1.0
209,IR,2018-03-13 00:00:00+00:00,32.53,32.85,32.4,32.7,381140,32.53,32.85,32.4,32.7,381140,0.0,1.0
210,IR,2018-03-14 00:00:00+00:00,32.96,33.02,32.59,32.76,428897,32.96,33.02,32.59,32.76,428897,0.0,1.0
211,IR,2018-03-15 00:00:00+00:00,32.66,33.12,32.58,32.96,579436,32.66,33.12,32.58,32.96,579436,0.0,1.0
212,IR,2018-03-16 00:00:00+00:00,32.96,33.35,32.54,32.62,997389,32.96,33.35,32.54,32.62,997389,0.0,1.0
213,IR,2018-03-19 00:00:00+00:00,32.71,32.8,32.14,32.8,309127,32.71,32.8,32.14,32.8,309127,0.0,1.0
214,IR,2018-03-20 00:00:00+00:00,32.55,32.95,31.72,31.72,610951,32.55,32.95,31.72,31.72,610951,0.0,1.0
215,IR,2018-03-21 00:00:00+00:00,33.13,33.255,32.32,32.6,502769,33.13,33.255,32.32,32.6,502769,0.0,1.0
216,IR,2018-03-22 00:00:00+00:00,31.21,32.89,31.13,32.75,907997,31.21,32.89,31.13,32.75,907997,0.0,1.0
217,IR,2018-03-23 00:00:00+00:00,30.32,31.75,30.31,31.33,1004919,30.32,31.75,30.31,31.33,1004919,0.0,1.0
218,IR,2018-03-26 00:00:00+00:00,30.73,30.765,29.98,30.76,674801,30.73,30.765,29.98,30.76,674801,0.0,1.0
219,IR,2018-03-27 00:00:00+00:00,30.4,31.27,30.13,30.74,489228,30.4,31.27,30.13,30.74,489228,0.0,1.0
220,IR,2018-03-28 00:00:00+00:00,30.05,31.245,29.93,30.65,739637,30.05,31.245,29.93,30.65,739637,0.0,1.0
221,IR,2018-03-29 00:00:00+00:00,30.68,31.01,29.9601,30.11,665444,30.68,31.01,29.9601,30.11,665444,0.0,1.0
222,IR,2018-04-02 00:00:00+00:00,29.13,30.425,28.97,30.38,923020,29.13,30.425,28.97,30.38,923020,0.0,1.0
223,IR,2018-04-03 00:00:00+00:00,29.73,29.73,29.12,29.41,583575,29.73,29.73,29.12,29.41,583575,0.0,1.0
224,IR,2018-04-04 00:00:00+00:00,29.79,29.88,29.14,29.14,291911,29.79,29.88,29.14,29.14,291911,0.0,1.0
225,IR,2018-04-05 00:00:00+00:00,30.81,31.32,29.7404,29.89,1149728,30.81,31.32,29.7404,29.89,1149728,0.0,1.0
226,IR,2018-04-06 00:00:00+00:00,29.83,30.4925,29.36,30.42,847407,29.83,30.4925,29.36,30.42,847407,0.0,1.0
227,IR,2018-04-09 00:00:00+00:00,29.36,30.41,29.36,30.22,459481,29.36,30.41,29.36,30.22,459481,0.0,1.0
228,IR,2018-04-10 00:00:00+00:00,30.89,30.96,29.55,29.83,738307,30.89,30.96,29.55,29.83,738307,0.0,1.0
229,IR,2018-04-11 00:00:00+00:00,31.0,31.3,30.26,30.51,733911,31.0,31.3,30.26,30.51,733911,0.0,1.0
230,IR,2018-04-12 00:00:00+00:00,31.55,31.695,30.92,31.1,644342,31.55,31.695,30.92,31.1,644342,0.0,1.0
231,IR,2018-04-13 00:00:00+00:00,31.62,31.93,31.33,31.67,469929,31.62,31.93,31.33,31.67,469929,0.0,1.0
232,IR,2018-04-16 00:00:00+00:00,32.04,32.31,31.555,32.01,685241,32.04,32.31,31.555,32.01,685241,0.0,1.0
233,IR,2018-04-17 00:00:00+00:00,32.29,32.44,32.11,32.16,408759,32.29,32.44,32.11,32.16,408759,0.0,1.0
234,IR,2018-04-18 00:00:00+00:00,32.67,32.97,32.16,32.45,557551,32.67,32.97,32.16,32.45,557551,0.0,1.0
235,IR,2018-04-19 00:00:00+00:00,32.53,32.84,32.2075,32.51,409650,32.53,32.84,32.2075,32.51,409650,0.0,1.0
236,IR,2018-04-20 00:00:00+00:00,32.17,32.76,31.91,32.59,477098,32.17,32.76,31.91,32.59,477098,0.0,1.0
237,IR,2018-04-23 00:00:00+00:00,31.78,32.28,31.52,31.57,492139,31.78,32.28,31.52,31.57,492139,0.0,1.0
238,IR,2018-04-24 00:00:00+00:00,31.23,32.3908,30.95,32.09,1029254,31.23,32.3908,30.95,32.09,1029254,0.0,1.0
239,IR,2018-04-25 00:00:00+00:00,31.68,31.75,30.905,31.27,616478,31.68,31.75,30.905,31.27,616478,0.0,1.0
240,IR,2018-04-26 00:00:00+00:00,30.86,31.785,30.8,31.74,1026011,30.86,31.785,30.8,31.74,1026011,0.0,1.0
241,IR,2018-04-27 00:00:00+00:00,31.84,33.16,31.64,32.7,3195943,31.84,33.16,31.64,32.7,3195943,0.0,1.0
242,IR,2018-04-30 00:00:00+00:00,31.63,32.275,31.385,31.84,1283768,31.63,32.275,31.385,31.84,1283768,0.0,1.0
243,IR,2018-05-01 00:00:00+00:00,31.16,31.475,30.13,30.38,1656657,31.16,31.475,30.13,30.38,1656657,0.0,1.0
244,IR,2018-05-02 00:00:00+00:00,31.4,31.9,30.94,31.15,1200774,31.4,31.9,30.94,31.15,1200774,0.0,1.0
245,IR,2018-05-03 00:00:00+00:00,31.68,32.3,31.0,31.35,12585792,31.68,32.3,31.0,31.35,12585792,0.0,1.0
246,IR,2018-05-04 00:00:00+00:00,32.07,32.44,31.5,31.6,2271207,32.07,32.44,31.5,31.6,2271207,0.0,1.0
247,IR,2018-05-07 00:00:00+00:00,32.05,32.97,31.96,32.23,3971815,32.05,32.97,31.96,32.23,3971815,0.0,1.0
248,IR,2018-05-08 00:00:00+00:00,31.51,32.42,31.44,32.05,2357103,31.51,32.42,31.44,32.05,2357103,0.0,1.0
249,IR,2018-05-09 00:00:00+00:00,32.05,32.31,31.5,31.82,2248003,32.05,32.31,31.5,31.82,2248003,0.0,1.0
250,IR,2018-05-10 00:00:00+00:00,33.47,33.65,32.09,32.21,2354882,33.47,33.65,32.09,32.21,2354882,0.0,1.0
251,IR,2018-05-11 00:00:00+00:00,33.44,33.76,33.06,33.47,1448353,33.44,33.76,33.06,33.47,1448353,0.0,1.0
252,IR,2018-05-14 00:00:00+00:00,33.46,33.73,33.41,33.65,1517943,33.46,33.73,33.41,33.65,1517943,0.0,1.0
253,IR,2018-05-15 00:00:00+00:00,33.63,33.85,33.14,33.26,1185162,33.63,33.85,33.14,33.26,1185162,0.0,1.0
254,IR,2018-05-16 00:00:00+00:00,33.75,33.99,33.49,33.67,1358121,33.75,33.99,33.49,33.67,1358121,0.0,1.0
255,IR,2018-05-17 00:00:00+00:00,34.3,34.75,33.5261,33.69,1633484,34.3,34.75,33.5261,33.69,1633484,0.0,1.0
256,IR,2018-05-18 00:00:00+00:00,34.46,34.805,33.69,34.11,1356538,34.46,34.805,33.69,34.11,1356538,0.0,1.0
257,IR,2018-05-21 00:00:00+00:00,34.42,35.27,34.39,34.69,759778,34.42,35.27,34.39,34.69,759778,0.0,1.0
258,IR,2018-05-22 00:00:00+00:00,34.41,35.28,34.121,34.41,1535041,34.41,35.28,34.121,34.41,1535041,0.0,1.0
259,IR,2018-05-23 00:00:00+00:00,34.27,34.82,33.83,34.19,941016,34.27,34.82,33.83,34.19,941016,0.0,1.0
260,IR,2018-05-24 00:00:00+00:00,33.86,34.23,33.7,33.98,665448,33.86,34.23,33.7,33.98,665448,0.0,1.0
261,IR,2018-05-25 00:00:00+00:00,32.88,33.65,32.51,33.65,992950,32.88,33.65,32.51,33.65,992950,0.0,1.0
262,IR,2018-05-29 00:00:00+00:00,32.61,32.78,32.14,32.42,897421,32.61,32.78,32.14,32.42,897421,0.0,1.0
263,IR,2018-05-30 00:00:00+00:00,33.39,33.71,32.83,32.85,820904,33.39,33.71,32.83,32.85,820904,0.0,1.0
264,IR,2018-05-31 00:00:00+00:00,32.87,33.39,32.53,33.29,1066388,32.87,33.39,32.53,33.29,1066388,0.0,1.0
265,IR,2018-06-01 00:00:00+00:00,32.34,33.415,32.29,33.0,672496,32.34,33.415,32.29,33.0,672496,0.0,1.0
266,IR,2018-06-04 00:00:00+00:00,32.5,32.63,32.21,32.49,975558,32.5,32.63,32.21,32.49,975558,0.0,1.0
267,IR,2018-06-05 00:00:00+00:00,32.38,32.62,31.48,32.49,1661007,32.38,32.62,31.48,32.49,1661007,0.0,1.0
268,IR,2018-06-06 00:00:00+00:00,32.82,32.87,31.96,32.53,1053382,32.82,32.87,31.96,32.53,1053382,0.0,1.0
269,IR,2018-06-07 00:00:00+00:00,33.11,33.48,32.81,32.98,858754,33.11,33.48,32.81,32.98,858754,0.0,1.0
270,IR,2018-06-08 00:00:00+00:00,31.84,33.06,31.76,33.0,1388123,31.84,33.06,31.76,33.0,1388123,0.0,1.0
271,IR,2018-06-11 00:00:00+00:00,29.83,31.64,29.6538,31.23,3923085,29.83,31.64,29.6538,31.23,3923085,0.0,1.0
272,IR,2018-06-12 00:00:00+00:00,29.45,30.43,29.11,29.88,2215159,29.45,30.43,29.11,29.88,2215159,0.0,1.0
273,IR,2018-06-13 00:00:00+00:00,29.39,30.1,29.24,29.56,1699763,29.39,30.1,29.24,29.56,1699763,0.0,1.0
274,IR,2018-06-14 00:00:00+00:00,30.06,30.29,29.54,29.8,1938326,30.06,30.29,29.54,29.8,1938326,0.0,1.0
275,IR,2018-06-15 00:00:00+00:00,29.68,30.48,29.43,30.11,1388048,29.68,30.48,29.43,30.11,1388048,0.0,1.0
276,IR,2018-06-18 00:00:00+00:00,29.98,30.07,29.3,29.37,1309534,29.98,30.07,29.3,29.37,1309534,0.0,1.0
277,IR,2018-06-19 00:00:00+00:00,29.47,29.66,29.32,29.61,1129456,29.47,29.66,29.32,29.61,1129456,0.0,1.0
278,IR,2018-06-20 00:00:00+00:00,28.24,29.7582,28.205,29.66,2044183,28.24,29.7582,28.205,29.66,2044183,0.0,1.0
279,IR,2018-06-21 00:00:00+00:00,27.92,28.34,27.47,28.03,1984912,27.92,28.34,27.47,28.03,1984912,0.0,1.0
280,IR,2018-06-22 00:00:00+00:00,28.83,29.3,28.365,28.6,3666776,28.83,29.3,28.365,28.6,3666776,0.0,1.0
281,IR,2018-06-25 00:00:00+00:00,28.3,28.735,27.75,27.81,2101264,28.3,28.735,27.75,27.81,2101264,0.0,1.0
282,IR,2018-06-26 00:00:00+00:00,29.03,29.23,28.32,28.32,1953233,29.03,29.23,28.32,28.32,1953233,0.0,1.0
283,IR,2018-06-27 00:00:00+00:00,29.26,29.81,28.98,29.21,1885654,29.26,29.81,28.98,29.21,1885654,0.0,1.0
284,IR,2018-06-28 00:00:00+00:00,29.37,29.55,28.56,28.93,1634242,29.37,29.55,28.56,28.93,1634242,0.0,1.0
285,IR,2018-06-29 00:00:00+00:00,29.39,30.23,29.33,29.4,2230525,29.39,30.23,29.33,29.4,2230525,0.0,1.0
286,IR,2018-07-02 00:00:00+00:00,28.56,29.16,28.4,28.97,1625029,28.56,29.16,28.4,28.97,1625029,0.0,1.0
287,IR,2018-07-03 00:00:00+00:00,28.73,28.91,28.51,28.76,592763,28.73,28.91,28.51,28.76,592763,0.0,1.0
288,IR,2018-07-05 00:00:00+00:00,28.79,29.065,28.54,28.95,1614084,28.79,29.065,28.54,28.95,1614084,0.0,1.0
289,IR,2018-07-06 00:00:00+00:00,28.36,28.72,28.24,28.72,1053794,28.36,28.72,28.24,28.72,1053794,0.0,1.0
290,IR,2018-07-09 00:00:00+00:00,29.52,29.56,28.36,28.37,2222253,29.52,29.56,28.36,28.37,2222253,0.0,1.0
291,IR,2018-07-10 00:00:00+00:00,29.27,29.68,29.01,29.42,1211236,29.27,29.68,29.01,29.42,1211236,0.0,1.0
292,IR,2018-07-11 00:00:00+00:00,28.83,29.0,28.62,28.9,1313938,28.83,29.0,28.62,28.9,1313938,0.0,1.0
293,IR,2018-07-12 00:00:00+00:00,27.99,28.98,27.461,28.98,2447696,27.99,28.98,27.461,28.98,2447696,0.0,1.0
294,IR,2018-07-13 00:00:00+00:00,28.18,28.75,28.01,28.05,1225234,28.18,28.75,28.01,28.05,1225234,0.0,1.0
295,IR,2018-07-16 00:00:00+00:00,28.11,28.51,27.91,27.92,1221827,28.11,28.51,27.91,27.92,1221827,0.0,1.0
296,IR,2018-07-17 00:00:00+00:00,28.08,28.43,27.85,28.09,1281757,28.08,28.43,27.85,28.09,1281757,0.0,1.0
297,IR,2018-07-18 00:00:00+00:00,27.8,28.18,27.67,28.09,896989,27.8,28.18,27.67,28.09,896989,0.0,1.0
298,IR,2018-07-19 00:00:00+00:00,28.19,28.19,27.47,27.58,507709,28.19,28.19,27.47,27.58,507709,0.0,1.0
299,IR,2018-07-20 00:00:00+00:00,27.83,28.2,27.82,28.04,648221,27.83,28.2,27.82,28.04,648221,0.0,1.0
300,IR,2018-07-23 00:00:00+00:00,27.16,27.83,27.15,27.82,706892,27.16,27.83,27.15,27.82,706892,0.0,1.0
301,IR,2018-07-24 00:00:00+00:00,26.69,27.33,26.64,27.29,1087533,26.69,27.33,26.64,27.29,1087533,0.0,1.0
302,IR,2018-07-25 00:00:00+00:00,26.48,26.79,26.26,26.61,1567479,26.48,26.79,26.26,26.61,1567479,0.0,1.0
303,IR,2018-07-26 00:00:00+00:00,26.63,27.15,26.47,26.52,2625615,26.63,27.15,26.47,26.52,2625615,0.0,1.0
304,IR,2018-07-27 00:00:00+00:00,27.1,27.16,26.36,26.92,1993170,27.1,27.16,26.36,26.92,1993170,0.0,1.0
305,IR,2018-07-30 00:00:00+00:00,27.32,28.05,27.29,27.29,2493529,27.32,28.05,27.29,27.29,2493529,0.0,1.0
306,IR,2018-07-31 00:00:00+00:00,28.61,28.72,27.48,27.48,2492407,28.61,28.72,27.48,27.48,2492407,0.0,1.0
307,IR,2018-08-01 00:00:00+00:00,27.67,28.745,27.37,28.61,2417382,27.67,28.745,27.37,28.61,2417382,0.0,1.0
308,IR,2018-08-02 00:00:00+00:00,27.73,28.64,27.11,27.66,2705615,27.73,28.64,27.11,27.66,2705615,0.0,1.0
309,IR,2018-08-03 00:00:00+00:00,28.47,28.71,27.86,28.0,1655696,28.47,28.71,27.86,28.0,1655696,0.0,1.0
310,IR,2018-08-06 00:00:00+00:00,29.16,29.33,28.19,28.5,1427380,29.16,29.33,28.19,28.5,1427380,0.0,1.0
311,IR,2018-08-07 00:00:00+00:00,29.49,29.84,29.19,29.46,881669,29.49,29.84,29.19,29.46,881669,0.0,1.0
312,IR,2018-08-08 00:00:00+00:00,29.28,29.6,29.1,29.47,870099,29.28,29.6,29.1,29.47,870099,0.0,1.0
313,IR,2018-08-09 00:00:00+00:00,28.77,29.66,28.71,29.21,1436655,28.77,29.66,28.71,29.21,1436655,0.0,1.0
314,IR,2018-08-10 00:00:00+00:00,28.86,29.1,28.61,28.7,1096659,28.86,29.1,28.61,28.7,1096659,0.0,1.0
315,IR,2018-08-13 00:00:00+00:00,28.49,28.95,28.3437,28.8,584868,28.49,28.95,28.3437,28.8,584868,0.0,1.0
316,IR,2018-08-14 00:00:00+00:00,28.18,28.75,28.14,28.59,657333,28.18,28.75,28.14,28.59,657333,0.0,1.0
317,IR,2018-08-15 00:00:00+00:00,27.03,28.0,26.92,28.0,785781,27.03,28.0,26.92,28.0,785781,0.0,1.0
318,IR,2018-08-16 00:00:00+00:00,27.37,27.605,26.92,26.92,890739,27.37,27.605,26.92,26.92,890739,0.0,1.0
319,IR,2018-08-17 00:00:00+00:00,27.94,27.99,27.18,27.44,1229526,27.94,27.99,27.18,27.44,1229526,0.0,1.0
320,IR,2018-08-20 00:00:00+00:00,28.31,28.59,28.005,28.15,849641,28.31,28.59,28.005,28.15,849641,0.0,1.0
321,IR,2018-08-21 00:00:00+00:00,28.22,28.59,28.02,28.33,483577,28.22,28.59,28.02,28.33,483577,0.0,1.0
322,IR,2018-08-22 00:00:00+00:00,27.95,28.27,27.78,28.17,965041,27.95,28.27,27.78,28.17,965041,0.0,1.0
323,IR,2018-08-23 00:00:00+00:00,27.34,27.96,27.29,27.93,739898,27.34,27.96,27.29,27.93,739898,0.0,1.0
324,IR,2018-08-24 00:00:00+00:00,27.51,27.67,27.25,27.38,1129019,27.51,27.67,27.25,27.38,1129019,0.0,1.0
325,IR,2018-08-27 00:00:00+00:00,28.25,28.38,27.48,27.62,1200300,28.25,28.38,27.48,27.62,1200300,0.0,1.0
326,IR,2018-08-28 00:00:00+00:00,28.27,28.58,28.09,28.25,822376,28.27,28.58,28.09,28.25,822376,0.0,1.0
327,IR,2018-08-29 00:00:00+00:00,28.76,28.86,28.3,28.41,777638,28.76,28.86,28.3,28.41,777638,0.0,1.0
328,IR,2018-08-30 00:00:00+00:00,28.08,28.86,27.94,28.7,631544,28.08,28.86,27.94,28.7,631544,0.0,1.0
329,IR,2018-08-31 00:00:00+00:00,27.96,28.18,27.81,27.98,453100,27.96,28.18,27.81,27.98,453100,0.0,1.0
330,IR,2018-09-04 00:00:00+00:00,27.35,27.96,27.28,27.96,609401,27.35,27.96,27.28,27.96,609401,0.0,1.0
331,IR,2018-09-05 00:00:00+00:00,26.99,27.39,26.82,27.22,1445331,26.99,27.39,26.82,27.22,1445331,0.0,1.0
332,IR,2018-09-06 00:00:00+00:00,24.93,26.76,24.75,26.76,4134900,24.93,26.76,24.75,26.76,4134900,0.0,1.0
333,IR,2018-09-07 00:00:00+00:00,24.98,25.3,24.35,24.59,2984616,24.98,25.3,24.35,24.59,2984616,0.0,1.0
334,IR,2018-09-10 00:00:00+00:00,25.64,25.86,25.1,25.1,1543933,25.64,25.86,25.1,25.1,1543933,0.0,1.0
335,IR,2018-09-11 00:00:00+00:00,26.18,26.33,25.27,25.56,1963990,26.18,26.33,25.27,25.56,1963990,0.0,1.0
336,IR,2018-09-12 00:00:00+00:00,26.59,26.62,26.12,26.36,1961585,26.59,26.62,26.12,26.36,1961585,0.0,1.0
337,IR,2018-09-13 00:00:00+00:00,27.84,28.285,26.74,26.74,3199155,27.84,28.285,26.74,26.74,3199155,0.0,1.0
338,IR,2018-09-14 00:00:00+00:00,28.62,28.89,27.71,27.8,2025894,28.62,28.89,27.71,27.8,2025894,0.0,1.0
339,IR,2018-09-17 00:00:00+00:00,28.72,29.61,28.61,28.73,1449870,28.72,29.61,28.61,28.73,1449870,0.0,1.0
340,IR,2018-09-18 00:00:00+00:00,29.27,29.28,28.71,28.73,979640,29.27,29.28,28.71,28.73,979640,0.0,1.0
341,IR,2018-09-19 00:00:00+00:00,29.1,29.63,28.98,29.22,785709,29.1,29.63,28.98,29.22,785709,0.0,1.0
342,IR,2018-09-20 00:00:00+00:00,29.38,29.54,29.065,29.3,1086612,29.38,29.54,29.065,29.3,1086612,0.0,1.0
343,IR,2018-09-21 00:00:00+00:00,29.38,29.565,29.15,29.48,3654809,29.38,29.565,29.15,29.48,3654809,0.0,1.0
344,IR,2018-09-24 00:00:00+00:00,29.54,29.685,28.88,29.46,1476248,29.54,29.685,28.88,29.46,1476248,0.0,1.0
345,IR,2018-09-25 00:00:00+00:00,29.12,29.69,29.04,29.68,1162467,29.12,29.69,29.04,29.68,1162467,0.0,1.0
346,IR,2018-09-26 00:00:00+00:00,28.47,29.17,28.44,28.88,1365876,28.47,29.17,28.44,28.88,1365876,0.0,1.0
347,IR,2018-09-27 00:00:00+00:00,28.04,29.06,27.74,29.06,1693992,28.04,29.06,27.74,29.06,1693992,0.0,1.0
348,IR,2018-09-28 00:00:00+00:00,28.34,28.37,27.84,27.92,1010571,28.34,28.37,27.84,27.92,1010571,0.0,1.0
349,IR,2018-10-01 00:00:00+00:00,28.01,28.61,27.96,28.49,1846299,28.01,28.61,27.96,28.49,1846299,0.0,1.0
350,IR,2018-10-02 00:00:00+00:00,28.08,28.21,27.79,28.03,2083861,28.08,28.21,27.79,28.03,2083861,0.0,1.0
351,IR,2018-10-03 00:00:00+00:00,28.0,28.2869,27.92,28.25,2164359,28.0,28.2869,27.92,28.25,2164359,0.0,1.0
352,IR,2018-10-04 00:00:00+00:00,27.77,28.16,27.57,28.0,720100,27.77,28.16,27.57,28.0,720100,0.0,1.0
353,IR,2018-10-05 00:00:00+00:00,27.45,28.02,27.02,27.69,677662,27.45,28.02,27.02,27.69,677662,0.0,1.0
354,IR,2018-10-08 00:00:00+00:00,27.06,27.42,26.78,27.25,776669,27.06,27.42,26.78,27.25,776669,0.0,1.0
355,IR,2018-10-09 00:00:00+00:00,27.26,27.43,26.89,26.91,1381671,27.26,27.43,26.89,26.91,1381671,0.0,1.0
356,IR,2018-10-10 00:00:00+00:00,26.19,27.33,26.14,27.33,1231172,26.19,27.33,26.14,27.33,1231172,0.0,1.0
357,IR,2018-10-11 00:00:00+00:00,25.6,26.66,25.49,25.49,1182106,25.6,26.66,25.49,25.49,1182106,0.0,1.0
358,IR,2018-10-12 00:00:00+00:00,25.76,26.67,25.35,26.67,1084410,25.76,26.67,25.35,26.67,1084410,0.0,1.0
359,IR,2018-10-15 00:00:00+00:00,26.05,26.34,25.2,25.69,1411791,26.05,26.34,25.2,25.69,1411791,0.0,1.0
360,IR,2018-10-16 00:00:00+00:00,27.15,27.19,26.13,26.26,801567,27.15,27.19,26.13,26.26,801567,0.0,1.0
361,IR,2018-10-17 00:00:00+00:00,26.89,27.03,26.31,26.97,811228,26.89,27.03,26.31,26.97,811228,0.0,1.0
362,IR,2018-10-18 00:00:00+00:00,26.03,26.79,25.835,26.26,929005,26.03,26.79,25.835,26.26,929005,0.0,1.0
363,IR,2018-10-19 00:00:00+00:00,25.5,26.15,25.36,26.05,1219793,25.5,26.15,25.36,26.05,1219793,0.0,1.0
364,IR,2018-10-22 00:00:00+00:00,25.18,25.63,25.04,25.52,1517301,25.18,25.63,25.04,25.52,1517301,0.0,1.0
365,IR,2018-10-23 00:00:00+00:00,24.92,25.22,24.185,24.6,1455648,24.92,25.22,24.185,24.6,1455648,0.0,1.0
366,IR,2018-10-24 00:00:00+00:00,23.37,25.15,23.33,25.01,2160650,23.37,25.15,23.33,25.01,2160650,0.0,1.0
367,IR,2018-10-25 00:00:00+00:00,24.56,24.88,23.49,23.65,2835858,24.56,24.88,23.49,23.65,2835858,0.0,1.0
368,IR,2018-10-26 00:00:00+00:00,26.11,26.79,24.8,25.47,3224272,26.11,26.79,24.8,25.47,3224272,0.0,1.0
369,IR,2018-10-29 00:00:00+00:00,25.58,26.95,25.21,26.58,1412476,25.58,26.95,25.21,26.58,1412476,0.0,1.0
370,IR,2018-10-30 00:00:00+00:00,26.59,26.67,25.51,25.51,1086622,26.59,26.67,25.51,25.51,1086622,0.0,1.0
371,IR,2018-10-31 00:00:00+00:00,27.06,27.6,26.94,27.25,1257862,27.06,27.6,26.94,27.25,1257862,0.0,1.0
372,IR,2018-11-01 00:00:00+00:00,25.8,26.415,25.75,26.41,10006223,25.8,26.415,25.75,26.41,10006223,0.0,1.0
373,IR,2018-11-02 00:00:00+00:00,25.85,26.36,25.8,25.99,2608489,25.85,26.36,25.8,25.99,2608489,0.0,1.0
374,IR,2018-11-05 00:00:00+00:00,26.52,26.72,25.8,26.0,4352960,26.52,26.72,25.8,26.0,4352960,0.0,1.0
375,IR,2018-11-06 00:00:00+00:00,27.39,27.505,26.21,26.49,1999400,27.39,27.505,26.21,26.49,1999400,0.0,1.0
376,IR,2018-11-07 00:00:00+00:00,27.94,28.56,27.41,27.6,2013507,27.94,28.56,27.41,27.6,2013507,0.0,1.0
377,IR,2018-11-08 00:00:00+00:00,27.11,28.25,27.0,27.66,3269749,27.11,28.25,27.0,27.66,3269749,0.0,1.0
378,IR,2018-11-09 00:00:00+00:00,26.55,28.02,26.33,28.02,3314908,26.55,28.02,26.33,28.02,3314908,0.0,1.0
379,IR,2018-11-12 00:00:00+00:00,26.31,26.81,26.18,26.61,1157441,26.31,26.81,26.18,26.61,1157441,0.0,1.0
380,IR,2018-11-13 00:00:00+00:00,25.53,26.49,25.495,26.27,1295809,25.53,26.49,25.495,26.27,1295809,0.0,1.0
381,IR,2018-11-14 00:00:00+00:00,25.22,25.79,25.0,25.72,1320644,25.22,25.79,25.0,25.72,1320644,0.0,1.0
382,IR,2018-11-15 00:00:00+00:00,25.97,25.99,24.5,25.0,1383122,25.97,25.99,24.5,25.0,1383122,0.0,1.0
383,IR,2018-11-16 00:00:00+00:00,25.49,26.02,25.43,25.96,932991,25.49,26.02,25.43,25.96,932991,0.0,1.0
384,IR,2018-11-19 00:00:00+00:00,24.44,25.295,24.425,25.27,1895725,24.44,25.295,24.425,25.27,1895725,0.0,1.0
385,IR,2018-11-20 00:00:00+00:00,24.25,24.66,23.57,24.0,1062045,24.25,24.66,23.57,24.0,1062045,0.0,1.0
386,IR,2018-11-21 00:00:00+00:00,24.75,25.17,24.533,24.6,953783,24.75,25.17,24.533,24.6,953783,0.0,1.0
387,IR,2018-11-23 00:00:00+00:00,24.18,24.46,24.09,24.3,253695,24.18,24.46,24.09,24.3,253695,0.0,1.0
388,IR,2018-11-26 00:00:00+00:00,24.96,25.28,24.4497,24.48,1373093,24.96,25.28,24.4497,24.48,1373093,0.0,1.0
389,IR,2018-11-27 00:00:00+00:00,24.44,25.04,24.43,24.76,1250752,24.44,25.04,24.43,24.76,1250752,0.0,1.0
390,IR,2018-11-28 00:00:00+00:00,25.34,25.51,24.465,24.47,1316018,25.34,25.51,24.465,24.47,1316018,0.0,1.0
391,IR,2018-11-29 00:00:00+00:00,25.34,25.51,24.47,25.31,2197710,25.34,25.51,24.47,25.31,2197710,0.0,1.0
392,IR,2018-11-30 00:00:00+00:00,24.75,25.61,24.68,25.2,1081948,24.75,25.61,24.68,25.2,1081948,0.0,1.0
393,IR,2018-12-03 00:00:00+00:00,25.37,26.035,25.23,25.41,1090104,25.37,26.035,25.23,25.41,1090104,0.0,1.0
394,IR,2018-12-04 00:00:00+00:00,23.28,25.37,23.16,25.26,1732866,23.28,25.37,23.16,25.26,1732866,0.0,1.0
395,IR,2018-12-06 00:00:00+00:00,22.9,22.9,21.42,22.02,3272106,22.9,22.9,21.42,22.02,3272106,0.0,1.0
396,IR,2018-12-07 00:00:00+00:00,22.3,23.7,22.2,23.04,1572893,22.3,23.7,22.2,23.04,1572893,0.0,1.0
397,IR,2018-12-10 00:00:00+00:00,22.08,22.27,21.68,22.08,2086130,22.08,22.27,21.68,22.08,2086130,0.0,1.0
398,IR,2018-12-11 00:00:00+00:00,21.58,22.61,21.52,22.5,1080327,21.58,22.61,21.52,22.5,1080327,0.0,1.0
399,IR,2018-12-12 00:00:00+00:00,21.84,22.3998,21.66,22.02,2509717,21.84,22.3998,21.66,22.02,2509717,0.0,1.0
400,IR,2018-12-13 00:00:00+00:00,21.35,22.25,21.03,21.93,1715200,21.35,22.25,21.03,21.93,1715200,0.0,1.0
401,IR,2018-12-14 00:00:00+00:00,21.22,21.45,20.92,21.03,1356125,21.22,21.45,20.92,21.03,1356125,0.0,1.0
402,IR,2018-12-17 00:00:00+00:00,20.5,21.17,20.26,20.97,1188697,20.5,21.17,20.26,20.97,1188697,0.0,1.0
403,IR,2018-12-18 00:00:00+00:00,20.6,21.245,20.57,20.8,1622975,20.6,21.245,20.57,20.8,1622975,0.0,1.0
404,IR,2018-12-19 00:00:00+00:00,19.73,20.74,19.52,20.0,1658516,19.73,20.74,19.52,20.0,1658516,0.0,1.0
405,IR,2018-12-20 00:00:00+00:00,19.2,19.8,18.88,19.62,1294808,19.2,19.8,18.88,19.62,1294808,0.0,1.0
406,IR,2018-12-21 00:00:00+00:00,19.86,20.1,19.22,19.26,3130550,19.86,20.1,19.22,19.26,3130550,0.0,1.0
407,IR,2018-12-24 00:00:00+00:00,18.92,19.79,18.92,19.55,687841,18.92,19.79,18.92,19.55,687841,0.0,1.0
408,IR,2018-12-26 00:00:00+00:00,20.22,20.24,18.7012,18.9,981527,20.22,20.24,18.7012,18.9,981527,0.0,1.0
409,IR,2018-12-27 00:00:00+00:00,20.39,20.39,19.46,19.46,917252,20.39,20.39,19.46,19.46,917252,0.0,1.0
410,IR,2018-12-28 00:00:00+00:00,20.38,20.74,20.135,20.59,1394351,20.38,20.74,20.135,20.59,1394351,0.0,1.0
411,IR,2018-12-31 00:00:00+00:00,20.45,20.6466,20.09,20.57,907241,20.45,20.6466,20.09,20.57,907241,0.0,1.0
412,IR,2019-01-02 00:00:00+00:00,21.0,21.02,19.7,20.02,1602217,21.0,21.02,19.7,20.02,1602217,0.0,1.0
413,IR,2019-01-03 00:00:00+00:00,20.58,21.12,20.1,20.81,1246252,20.58,21.12,20.1,20.81,1246252,0.0,1.0
414,IR,2019-01-04 00:00:00+00:00,20.94,21.26,20.63,21.0,2041885,20.94,21.26,20.63,21.0,2041885,0.0,1.0
415,IR,2019-01-07 00:00:00+00:00,21.61,22.04,20.84,21.14,2296070,21.61,22.04,20.84,21.14,2296070,0.0,1.0
416,IR,2019-01-08 00:00:00+00:00,21.86,22.34,21.57,21.94,1387641,21.86,22.34,21.57,21.94,1387641,0.0,1.0
417,IR,2019-01-09 00:00:00+00:00,22.38,22.72,21.98,22.15,1224017,22.38,22.72,21.98,22.15,1224017,0.0,1.0
418,IR,2019-01-10 00:00:00+00:00,22.49,22.585,22.02,22.1,1007683,22.49,22.585,22.02,22.1,1007683,0.0,1.0
419,IR,2019-01-11 00:00:00+00:00,22.71,22.74,22.17,22.28,679558,22.71,22.74,22.17,22.28,679558,0.0,1.0
420,IR,2019-01-14 00:00:00+00:00,22.0,22.5,21.96,22.49,1200224,22.0,22.5,21.96,22.49,1200224,0.0,1.0
421,IR,2019-01-15 00:00:00+00:00,21.92,22.29,21.76,22.1,1721097,21.92,22.29,21.76,22.1,1721097,0.0,1.0
422,IR,2019-01-16 00:00:00+00:00,21.84,22.25,21.79,21.85,1185037,21.84,22.25,21.79,21.85,1185037,0.0,1.0
423,IR,2019-01-17 00:00:00+00:00,22.23,22.335,21.67,21.7,840078,22.23,22.335,21.67,21.7,840078,0.0,1.0
424,IR,2019-01-18 00:00:00+00:00,23.22,23.26,22.14,22.42,2099514,23.22,23.26,22.14,22.42,2099514,0.0,1.0
425,IR,2019-01-22 00:00:00+00:00,22.78,23.095,22.5181,22.65,2240509,22.78,23.095,22.5181,22.65,2240509,0.0,1.0
426,IR,2019-01-23 00:00:00+00:00,22.43,23.16,22.17,22.9,1039893,22.43,23.16,22.17,22.9,1039893,0.0,1.0
427,IR,2019-01-24 00:00:00+00:00,22.65,22.92,22.3814,22.48,745118,22.65,22.92,22.3814,22.48,745118,0.0,1.0
428,IR,2019-01-25 00:00:00+00:00,24.18,24.28,22.85,22.89,2219764,24.18,24.28,22.85,22.89,2219764,0.0,1.0
429,IR,2019-01-28 00:00:00+00:00,23.97,24.055,23.52,23.83,1828518,23.97,24.055,23.52,23.83,1828518,0.0,1.0
430,IR,2019-01-29 00:00:00+00:00,24.44,24.89,24.08,24.19,2079325,24.44,24.89,24.08,24.19,2079325,0.0,1.0
431,IR,2019-01-30 00:00:00+00:00,24.63,24.9799,24.25,24.84,1604140,24.63,24.9799,24.25,24.84,1604140,0.0,1.0
432,IR,2019-01-31 00:00:00+00:00,24.67,25.06,24.355,24.68,1637345,24.67,25.06,24.355,24.68,1637345,0.0,1.0
433,IR,2019-02-01 00:00:00+00:00,24.79,25.06,24.375,24.79,1231212,24.79,25.06,24.375,24.79,1231212,0.0,1.0
434,IR,2019-02-04 00:00:00+00:00,24.9,25.01,24.46,24.72,1009434,24.9,25.01,24.46,24.72,1009434,0.0,1.0
435,IR,2019-02-05 00:00:00+00:00,25.04,25.22,24.84,24.9,953284,25.04,25.22,24.84,24.9,953284,0.0,1.0
436,IR,2019-02-06 00:00:00+00:00,25.15,25.35,24.88,24.95,1146585,25.15,25.35,24.88,24.95,1146585,0.0,1.0
437,IR,2019-02-07 00:00:00+00:00,24.92,25.14,24.34,24.89,1801512,24.92,25.14,24.34,24.89,1801512,0.0,1.0
438,IR,2019-02-08 00:00:00+00:00,24.37,24.79,23.95,24.74,1073445,24.37,24.79,23.95,24.74,1073445,0.0,1.0
439,IR,2019-02-11 00:00:00+00:00,24.43,24.58,24.21,24.36,1284436,24.43,24.58,24.21,24.36,1284436,0.0,1.0
440,IR,2019-02-12 00:00:00+00:00,24.63,25.01,24.6,24.77,1457069,24.63,25.01,24.6,24.77,1457069,0.0,1.0
441,IR,2019-02-13 00:00:00+00:00,25.3,25.51,24.87,24.87,2274545,25.3,25.51,24.87,24.87,2274545,0.0,1.0
442,IR,2019-02-14 00:00:00+00:00,25.36,25.69,25.1,25.18,1654348,25.36,25.69,25.1,25.18,1654348,0.0,1.0
443,IR,2019-02-15 00:00:00+00:00,26.11,26.1591,25.5931,25.61,1428187,26.11,26.1591,25.5931,25.61,1428187,0.0,1.0
444,IR,2019-02-19 00:00:00+00:00,25.92,26.985,25.1,25.95,2895821,25.92,26.985,25.1,25.95,2895821,0.0,1.0
445,IR,2019-02-20 00:00:00+00:00,26.57,27.19,26.36,26.69,2435660,26.57,27.19,26.36,26.69,2435660,0.0,1.0
446,IR,2019-02-21 00:00:00+00:00,27.05,27.13,26.53,26.65,1459036,27.05,27.13,26.53,26.65,1459036,0.0,1.0
447,IR,2019-02-22 00:00:00+00:00,26.74,27.29,26.67,27.08,1350513,26.74,27.29,26.67,27.08,1350513,0.0,1.0
448,IR,2019-02-25 00:00:00+00:00,27.06,27.15,26.73,26.84,1709700,27.06,27.15,26.73,26.84,1709700,0.0,1.0
449,IR,2019-02-26 00:00:00+00:00,26.66,27.015,26.58,26.95,1396568,26.66,27.015,26.58,26.95,1396568,0.0,1.0
450,IR,2019-02-27 00:00:00+00:00,26.65,26.85,26.43,26.66,973760,26.65,26.85,26.43,26.66,973760,0.0,1.0
451,IR,2019-02-28 00:00:00+00:00,26.85,26.93,26.29,26.61,1331280,26.85,26.93,26.29,26.61,1331280,0.0,1.0
452,IR,2019-03-01 00:00:00+00:00,27.34,27.55,26.8,26.96,1068632,27.34,27.55,26.8,26.96,1068632,0.0,1.0
453,IR,2019-03-04 00:00:00+00:00,26.98,27.62,26.88,27.46,1085664,26.98,27.62,26.88,27.46,1085664,0.0,1.0
454,IR,2019-03-05 00:00:00+00:00,26.94,27.14,26.83,26.99,864657,26.94,27.14,26.83,26.99,864657,0.0,1.0
455,IR,2019-03-06 00:00:00+00:00,26.31,27.01,26.24,26.82,973038,26.31,27.01,26.24,26.82,973038,0.0,1.0
456,IR,2019-03-07 00:00:00+00:00,26.09,26.31,25.78,26.25,1670573,26.09,26.31,25.78,26.25,1670573,0.0,1.0
457,IR,2019-03-08 00:00:00+00:00,26.2,26.255,25.54,25.54,1119287,26.2,26.255,25.54,25.54,1119287,0.0,1.0
458,IR,2019-03-11 00:00:00+00:00,27.12,27.14,26.26,26.26,1514107,27.12,27.14,26.26,26.26,1514107,0.0,1.0
459,IR,2019-03-12 00:00:00+00:00,27.06,27.24,26.9,27.15,1379412,27.06,27.24,26.9,27.15,1379412,0.0,1.0
460,IR,2019-03-13 00:00:00+00:00,27.72,27.86,27.18,27.3,1656625,27.72,27.86,27.18,27.3,1656625,0.0,1.0
461,IR,2019-03-14 00:00:00+00:00,27.0,27.88,26.84,27.59,1734259,27.0,27.88,26.84,27.59,1734259,0.0,1.0
462,IR,2019-03-15 00:00:00+00:00,27.91,28.01,26.94,27.0,2031564,27.91,28.01,26.94,27.0,2031564,0.0,1.0
463,IR,2019-03-18 00:00:00+00:00,28.2,28.26,27.6,28.0,1505937,28.2,28.26,27.6,28.0,1505937,0.0,1.0
464,IR,2019-03-19 00:00:00+00:00,27.74,28.3,27.59,28.1,2120265,27.74,28.3,27.59,28.1,2120265,0.0,1.0
465,IR,2019-03-20 00:00:00+00:00,27.82,28.16,27.3,27.57,1631020,27.82,28.16,27.3,27.57,1631020,0.0,1.0
466,IR,2019-03-21 00:00:00+00:00,27.99,28.1,27.68,27.75,1205456,27.99,28.1,27.68,27.75,1205456,0.0,1.0
467,IR,2019-03-22 00:00:00+00:00,26.76,27.84,26.66,27.84,1126755,26.76,27.84,26.66,27.84,1126755,0.0,1.0
468,IR,2019-03-25 00:00:00+00:00,27.1,27.21,26.56,26.77,1198795,27.1,27.21,26.56,26.77,1198795,0.0,1.0
469,IR,2019-03-26 00:00:00+00:00,27.33,27.615,27.08,27.38,859453,27.33,27.615,27.08,27.38,859453,0.0,1.0
470,IR,2019-03-27 00:00:00+00:00,27.05,27.5,26.84,27.26,1057519,27.05,27.5,26.84,27.26,1057519,0.0,1.0
471,IR,2019-03-28 00:00:00+00:00,27.26,27.51,26.97,27.03,1026392,27.26,27.51,26.97,27.03,1026392,0.0,1.0
472,IR,2019-03-29 00:00:00+00:00,27.81,27.89,27.47,27.5,1581312,27.81,27.89,27.47,27.5,1581312,0.0,1.0
473,IR,2019-04-01 00:00:00+00:00,27.96,28.37,27.79,28.0,863870,27.96,28.37,27.79,28.0,863870,0.0,1.0
474,IR,2019-04-02 00:00:00+00:00,27.83,28.1,27.67,28.0,501074,27.83,28.1,27.67,28.0,501074,0.0,1.0
475,IR,2019-04-03 00:00:00+00:00,27.99,28.15,27.845,27.9,1215788,27.99,28.15,27.845,27.9,1215788,0.0,1.0
476,IR,2019-04-04 00:00:00+00:00,28.04,28.18,27.9501,27.96,553658,28.04,28.18,27.9501,27.96,553658,0.0,1.0
477,IR,2019-04-05 00:00:00+00:00,28.26,28.26,28.04,28.2,804905,28.26,28.26,28.04,28.2,804905,0.0,1.0
478,IR,2019-04-08 00:00:00+00:00,28.33,28.37,27.94,28.13,634370,28.33,28.37,27.94,28.13,634370,0.0,1.0
479,IR,2019-04-09 00:00:00+00:00,27.84,28.15,27.72,28.15,899078,27.84,28.15,27.72,28.15,899078,0.0,1.0
480,IR,2019-04-10 00:00:00+00:00,28.01,28.16,27.725,27.96,633121,28.01,28.16,27.725,27.96,633121,0.0,1.0
481,IR,2019-04-11 00:00:00+00:00,28.24,28.3,27.9,28.0,937081,28.24,28.3,27.9,28.0,937081,0.0,1.0
482,IR,2019-04-12 00:00:00+00:00,27.73,28.5,27.55,28.5,1878151,27.73,28.5,27.55,28.5,1878151,0.0,1.0
483,IR,2019-04-15 00:00:00+00:00,27.27,28.01,27.225,27.73,1444584,27.27,28.01,27.225,27.73,1444584,0.0,1.0
484,IR,2019-04-16 00:00:00+00:00,27.42,27.76,27.36,27.54,1259227,27.42,27.76,27.36,27.54,1259227,0.0,1.0
485,IR,2019-04-17 00:00:00+00:00,26.89,27.81,26.86,27.65,1152940,26.89,27.81,26.86,27.65,1152940,0.0,1.0
486,IR,2019-04-18 00:00:00+00:00,27.08,27.21,26.77,27.0,1302571,27.08,27.21,26.77,27.0,1302571,0.0,1.0
487,IR,2019-04-22 00:00:00+00:00,27.32,27.63,27.05,27.4,1219203,27.32,27.63,27.05,27.4,1219203,0.0,1.0
488,IR,2019-04-23 00:00:00+00:00,27.8,27.955,27.29,27.32,1073169,27.8,27.955,27.29,27.32,1073169,0.0,1.0
489,IR,2019-04-24 00:00:00+00:00,27.82,28.35,27.79,27.96,1470035,27.82,28.35,27.79,27.96,1470035,0.0,1.0
490,IR,2019-04-25 00:00:00+00:00,27.78,27.91,27.22,27.22,1543964,27.78,27.91,27.22,27.22,1543964,0.0,1.0
491,IR,2019-04-26 00:00:00+00:00,28.05,28.07,27.47,27.76,2633335,28.05,28.07,27.47,27.76,2633335,0.0,1.0
492,IR,2019-04-29 00:00:00+00:00,32.55,33.17,31.0,31.0,9869820,32.55,33.17,31.0,31.0,9869820,0.0,1.0
493,IR,2019-04-30 00:00:00+00:00,33.75,34.65,32.05,32.46,7293557,33.75,34.65,32.05,32.46,7293557,0.0,1.0
494,IR,2019-05-01 00:00:00+00:00,34.61,34.91,33.78,33.87,4704014,34.61,34.91,33.78,33.87,4704014,0.0,1.0
495,IR,2019-05-02 00:00:00+00:00,34.97,36.16,33.92,33.96,4847166,34.97,36.16,33.92,33.96,4847166,0.0,1.0
496,IR,2019-05-03 00:00:00+00:00,34.7,35.43,34.48,35.14,2637560,34.7,35.43,34.48,35.14,2637560,0.0,1.0
497,IR,2019-05-06 00:00:00+00:00,34.1,34.71,32.65,33.58,2183718,34.1,34.71,32.65,33.58,2183718,0.0,1.0
498,IR,2019-05-07 00:00:00+00:00,33.99,34.12,33.21,33.51,1875349,33.99,34.12,33.21,33.51,1875349,0.0,1.0
499,IR,2019-05-08 00:00:00+00:00,33.32,33.99,33.19,33.89,1437961,33.32,33.99,33.19,33.89,1437961,0.0,1.0
500,IR,2019-05-09 00:00:00+00:00,33.43,33.82,32.55,33.04,2166368,33.43,33.82,32.55,33.04,2166368,0.0,1.0
501,IR,2019-05-10 00:00:00+00:00,34.31,34.31,33.0,33.19,1306188,34.31,34.31,33.0,33.19,1306188,0.0,1.0
502,IR,2019-05-13 00:00:00+00:00,33.78,33.85,33.29,33.46,1666506,33.78,33.85,33.29,33.46,1666506,0.0,1.0
503,IR,2019-05-14 00:00:00+00:00,34.46,34.58,33.8698,33.87,1693674,34.46,34.58,33.8698,33.87,1693674,0.0,1.0
504,IR,2019-05-15 00:00:00+00:00,35.26,35.59,33.725,34.08,2176359,35.26,35.59,33.725,34.08,2176359,0.0,1.0
505,IR,2019-05-16 00:00:00+00:00,35.06,35.44,34.87,35.18,1766276,35.06,35.44,34.87,35.18,1766276,0.0,1.0
506,IR,2019-05-17 00:00:00+00:00,34.73,35.73,34.585,34.73,2737596,34.73,35.73,34.585,34.73,2737596,0.0,1.0
507,IR,2019-05-20 00:00:00+00:00,35.15,35.34,34.18,34.29,2102420,35.15,35.34,34.18,34.29,2102420,0.0,1.0
508,IR,2019-05-21 00:00:00+00:00,35.89,36.1097,35.2,35.24,1724472,35.89,36.1097,35.2,35.24,1724472,0.0,1.0
509,IR,2019-05-22 00:00:00+00:00,35.67,36.22,35.4408,35.61,1741452,35.67,36.22,35.4408,35.61,1741452,0.0,1.0
510,IR,2019-05-23 00:00:00+00:00,34.9,35.3,34.39,35.29,1589625,34.9,35.3,34.39,35.29,1589625,0.0,1.0
511,IR,2019-05-24 00:00:00+00:00,35.27,35.56,35.19,35.37,1278269,35.27,35.56,35.19,35.37,1278269,0.0,1.0
512,IR,2019-05-28 00:00:00+00:00,35.3,35.59,35.11,35.28,916067,35.3,35.59,35.11,35.28,916067,0.0,1.0
513,IR,2019-05-29 00:00:00+00:00,34.94,35.24,34.76,35.14,1451647,34.94,35.24,34.76,35.14,1451647,0.0,1.0
514,IR,2019-05-30 00:00:00+00:00,34.72,35.23,34.635,34.97,1267963,34.72,35.23,34.635,34.97,1267963,0.0,1.0
515,IR,2019-05-31 00:00:00+00:00,33.97,34.58,33.58,34.13,1659709,33.97,34.58,33.58,34.13,1659709,0.0,1.0
516,IR,2019-06-03 00:00:00+00:00,33.76,34.79,33.65,33.96,2627189,33.76,34.79,33.65,33.96,2627189,0.0,1.0
517,IR,2019-06-04 00:00:00+00:00,34.19,34.49,33.93,34.33,1208962,34.19,34.49,33.93,34.33,1208962,0.0,1.0
518,IR,2019-06-05 00:00:00+00:00,33.6,34.52,33.49,34.28,1733608,33.6,34.52,33.49,34.28,1733608,0.0,1.0
519,IR,2019-06-06 00:00:00+00:00,33.8,33.815,33.02,33.47,1541407,33.8,33.815,33.02,33.47,1541407,0.0,1.0
520,IR,2019-06-07 00:00:00+00:00,33.63,34.08,33.41,34.0,1039403,33.63,34.08,33.41,34.0,1039403,0.0,1.0
521,IR,2019-06-10 00:00:00+00:00,34.04,34.31,33.65,33.77,822257,34.04,34.31,33.65,33.77,822257,0.0,1.0
522,IR,2019-06-11 00:00:00+00:00,33.75,34.57,33.72,34.34,1238844,33.75,34.57,33.72,34.34,1238844,0.0,1.0
523,IR,2019-06-12 00:00:00+00:00,33.09,33.83,32.96,33.66,1105039,33.09,33.83,32.96,33.66,1105039,0.0,1.0
524,IR,2019-06-13 00:00:00+00:00,33.48,33.51,33.14,33.14,821937,33.48,33.51,33.14,33.14,821937,0.0,1.0
525,IR,2019-06-14 00:00:00+00:00,33.42,33.57,32.87,33.57,789554,33.42,33.57,32.87,33.57,789554,0.0,1.0
526,IR,2019-06-17 00:00:00+00:00,33.59,33.755,33.3,33.43,922607,33.59,33.755,33.3,33.43,922607,0.0,1.0
527,IR,2019-06-18 00:00:00+00:00,34.59,34.68,33.61,33.82,1159898,34.59,34.68,33.61,33.82,1159898,0.0,1.0
528,IR,2019-06-19 00:00:00+00:00,34.82,34.98,34.53,34.75,762273,34.82,34.98,34.53,34.75,762273,0.0,1.0
529,IR,2019-06-20 00:00:00+00:00,34.89,35.4,34.63,35.0,1491098,34.89,35.4,34.63,35.0,1491098,0.0,1.0
530,IR,2019-06-21 00:00:00+00:00,34.1,34.79,34.0,34.79,1622135,34.1,34.79,34.0,34.79,1622135,0.0,1.0
531,IR,2019-06-24 00:00:00+00:00,33.77,34.36,33.71,34.14,750494,33.77,34.36,33.71,34.14,750494,0.0,1.0
532,IR,2019-06-25 00:00:00+00:00,33.85,34.21,33.53,33.73,742851,33.85,34.21,33.53,33.73,742851,0.0,1.0
533,IR,2019-06-26 00:00:00+00:00,33.7,34.24,33.48,33.87,727223,33.7,34.24,33.48,33.87,727223,0.0,1.0
534,IR,2019-06-27 00:00:00+00:00,33.9,34.1,33.735,33.78,1081479,33.9,34.1,33.735,33.78,1081479,0.0,1.0
535,IR,2019-06-28 00:00:00+00:00,34.6,34.72,33.91,34.02,1481624,34.6,34.72,33.91,34.02,1481624,0.0,1.0
536,IR,2019-07-01 00:00:00+00:00,34.83,35.3864,34.52,35.05,682551,34.83,35.3864,34.52,35.05,682551,0.0,1.0
537,IR,2019-07-02 00:00:00+00:00,34.49,34.97,34.0,34.78,993052,34.49,34.97,34.0,34.78,993052,0.0,1.0
538,IR,2019-07-03 00:00:00+00:00,34.6,34.94,34.22,34.56,593329,34.6,34.94,34.22,34.56,593329,0.0,1.0
539,IR,2019-07-05 00:00:00+00:00,34.49,34.805,34.19,34.29,2283145,34.49,34.805,34.19,34.29,2283145,0.0,1.0
540,IR,2019-07-08 00:00:00+00:00,34.1,35.0,33.79,34.45,965239,34.1,35.0,33.79,34.45,965239,0.0,1.0
541,IR,2019-07-09 00:00:00+00:00,33.05,34.11,32.99,33.76,1793637,33.05,34.11,32.99,33.76,1793637,0.0,1.0
542,IR,2019-07-10 00:00:00+00:00,33.06,33.378,32.43,33.04,1624272,33.06,33.378,32.43,33.04,1624272,0.0,1.0
543,IR,2019-07-11 00:00:00+00:00,32.29,33.2574,31.86,32.99,3126125,32.29,33.2574,31.86,32.99,3126125,0.0,1.0
544,IR,2019-07-12 00:00:00+00:00,33.26,33.41,32.3,32.35,790903,33.26,33.41,32.3,32.35,790903,0.0,1.0
545,IR,2019-07-15 00:00:00+00:00,32.5,33.42,32.45,33.18,981581,32.5,33.42,32.45,33.18,981581,0.0,1.0
546,IR,2019-07-16 00:00:00+00:00,33.36,33.54,32.38,32.38,1347445,33.36,33.54,32.38,32.38,1347445,0.0,1.0
547,IR,2019-07-17 00:00:00+00:00,32.93,33.56,32.91,33.36,1634444,32.93,33.56,32.91,33.36,1634444,0.0,1.0
548,IR,2019-07-18 00:00:00+00:00,32.78,33.075,32.7,32.85,664733,32.78,33.075,32.7,32.85,664733,0.0,1.0
549,IR,2019-07-19 00:00:00+00:00,33.53,33.55,32.8,32.92,1115370,33.53,33.55,32.8,32.92,1115370,0.0,1.0
550,IR,2019-07-22 00:00:00+00:00,33.45,33.88,33.4,33.45,795019,33.45,33.88,33.4,33.45,795019,0.0,1.0
551,IR,2019-07-23 00:00:00+00:00,33.85,33.89,33.34,33.66,729479,33.85,33.89,33.34,33.66,729479,0.0,1.0
552,IR,2019-07-24 00:00:00+00:00,34.01,34.19,33.6,33.66,756594,34.01,34.19,33.6,33.66,756594,0.0,1.0
553,IR,2019-07-25 00:00:00+00:00,33.5,34.05,33.19,34.0,907432,33.5,34.05,33.19,34.0,907432,0.0,1.0
554,IR,2019-07-26 00:00:00+00:00,33.1,33.7,32.82,33.51,1161408,33.1,33.7,32.82,33.51,1161408,0.0,1.0
555,IR,2019-07-29 00:00:00+00:00,32.29,33.36,32.24,33.1,1292951,32.29,33.36,32.24,33.1,1292951,0.0,1.0
556,IR,2019-07-30 00:00:00+00:00,33.2,33.23,32.0,32.08,1658459,33.2,33.23,32.0,32.08,1658459,0.0,1.0
557,IR,2019-07-31 00:00:00+00:00,32.97,33.6,32.8,33.07,2816138,32.97,33.6,32.8,33.07,2816138,0.0,1.0
558,IR,2019-08-01 00:00:00+00:00,31.21,32.81,30.45,31.25,4026277,31.21,32.81,30.45,31.25,4026277,0.0,1.0
559,IR,2019-08-02 00:00:00+00:00,31.05,31.84,30.79,30.96,2714834,31.05,31.84,30.79,30.96,2714834,0.0,1.0
560,IR,2019-08-05 00:00:00+00:00,30.18,30.43,29.8,30.07,4331694,30.18,30.43,29.8,30.07,4331694,0.0,1.0
561,IR,2019-08-06 00:00:00+00:00,30.89,31.07,30.33,30.5,1378992,30.89,31.07,30.33,30.5,1378992,0.0,1.0
562,IR,2019-08-07 00:00:00+00:00,30.69,30.85,29.955,30.36,1517518,30.69,30.85,29.955,30.36,1517518,0.0,1.0
563,IR,2019-08-08 00:00:00+00:00,30.95,31.58,30.7,31.22,1339290,30.95,31.58,30.7,31.22,1339290,0.0,1.0
564,IR,2019-08-09 00:00:00+00:00,30.41,31.025,30.23,30.95,942866,30.41,31.025,30.23,30.95,942866,0.0,1.0
565,IR,2019-08-12 00:00:00+00:00,30.19,30.51,30.01,30.15,1129112,30.19,30.51,30.01,30.15,1129112,0.0,1.0
566,IR,2019-08-13 00:00:00+00:00,30.57,30.95,29.88,29.98,1510821,30.57,30.95,29.88,29.98,1510821,0.0,1.0
567,IR,2019-08-14 00:00:00+00:00,29.39,30.19,29.28,29.96,1727171,29.39,30.19,29.28,29.96,1727171,0.0,1.0
568,IR,2019-08-15 00:00:00+00:00,29.44,29.68,29.22,29.49,1107242,29.44,29.68,29.22,29.49,1107242,0.0,1.0
569,IR,2019-08-16 00:00:00+00:00,29.98,30.08,29.38,29.56,1195292,29.98,30.08,29.38,29.56,1195292,0.0,1.0
570,IR,2019-08-19 00:00:00+00:00,30.25,30.64,29.94,30.45,1265821,30.25,30.64,29.94,30.45,1265821,0.0,1.0
571,IR,2019-08-20 00:00:00+00:00,29.75,30.35,29.51,30.14,686817,29.75,30.35,29.51,30.14,686817,0.0,1.0
572,IR,2019-08-21 00:00:00+00:00,29.59,30.15,29.38,30.15,867654,29.59,30.15,29.38,30.15,867654,0.0,1.0
573,IR,2019-08-22 00:00:00+00:00,29.49,29.9,29.43,29.74,449149,29.49,29.9,29.43,29.74,449149,0.0,1.0
574,IR,2019-08-23 00:00:00+00:00,28.23,29.33,28.09,29.21,1473201,28.23,29.33,28.09,29.21,1473201,0.0,1.0
575,IR,2019-08-26 00:00:00+00:00,28.22,28.7,27.93,28.51,1084203,28.22,28.7,27.93,28.51,1084203,0.0,1.0
576,IR,2019-08-27 00:00:00+00:00,27.73,28.58,27.65,28.42,857969,27.73,28.58,27.65,28.42,857969,0.0,1.0
577,IR,2019-08-28 00:00:00+00:00,28.01,28.38,27.62,27.78,1493103,28.01,28.38,27.62,27.78,1493103,0.0,1.0
578,IR,2019-08-29 00:00:00+00:00,28.49,28.67,28.2,28.34,721201,28.49,28.67,28.2,28.34,721201,0.0,1.0
579,IR,2019-08-30 00:00:00+00:00,28.68,28.86,28.44,28.71,830469,28.68,28.86,28.44,28.71,830469,0.0,1.0
580,IR,2019-09-03 00:00:00+00:00,27.46,28.48,27.44,28.29,1171067,27.46,28.48,27.44,28.29,1171067,0.0,1.0
581,IR,2019-09-04 00:00:00+00:00,26.77,27.725,26.33,27.63,3811026,26.77,27.725,26.33,27.63,3811026,0.0,1.0
582,IR,2019-09-05 00:00:00+00:00,28.26,28.58,27.025,27.06,2558321,28.26,28.58,27.025,27.06,2558321,0.0,1.0
583,IR,2019-09-06 00:00:00+00:00,28.16,28.62,27.56,28.09,1331099,28.16,28.62,27.56,28.09,1331099,0.0,1.0
584,IR,2019-09-09 00:00:00+00:00,28.77,29.01,28.235,28.42,1693233,28.77,29.01,28.235,28.42,1693233,0.0,1.0
585,IR,2019-09-10 00:00:00+00:00,30.37,30.425,28.63,28.84,1973408,30.37,30.425,28.63,28.84,1973408,0.0,1.0
586,IR,2019-09-11 00:00:00+00:00,30.22,30.49,29.74,30.4,1663137,30.22,30.49,29.74,30.4,1663137,0.0,1.0
587,IR,2019-09-12 00:00:00+00:00,30.74,31.0,29.67,29.99,1434444,30.74,31.0,29.67,29.99,1434444,0.0,1.0
588,IR,2019-09-13 00:00:00+00:00,31.23,31.48,30.94,30.94,1281803,31.23,31.48,30.94,30.94,1281803,0.0,1.0
589,IR,2019-09-16 00:00:00+00:00,31.85,32.12,31.1,31.23,2385333,31.85,32.12,31.1,31.23,2385333,0.0,1.0
590,IR,2019-09-17 00:00:00+00:00,31.06,31.71,30.845,31.56,1184497,31.06,31.71,30.845,31.56,1184497,0.0,1.0
591,IR,2019-09-18 00:00:00+00:00,30.75,30.97,30.41,30.96,1015977,30.75,30.97,30.41,30.96,1015977,0.0,1.0
592,IR,2019-09-19 00:00:00+00:00,30.03,30.76,29.99,30.73,1099236,30.03,30.76,29.99,30.73,1099236,0.0,1.0
593,IR,2019-09-20 00:00:00+00:00,29.5,30.07,29.4361,30.05,1424534,29.5,30.07,29.4361,30.05,1424534,0.0,1.0
594,IR,2019-09-23 00:00:00+00:00,29.3,29.5,28.88,29.27,1317210,29.3,29.5,28.88,29.27,1317210,0.0,1.0
595,IR,2019-09-24 00:00:00+00:00,28.93,29.4,28.58,29.29,983628,28.93,29.4,28.58,29.29,983628,0.0,1.0
596,IR,2019-09-25 00:00:00+00:00,29.31,29.37,28.36,28.79,597702,29.31,29.37,28.36,28.79,597702,0.0,1.0
597,IR,2019-09-26 00:00:00+00:00,29.18,29.39,28.82,29.16,1192317,29.18,29.39,28.82,29.16,1192317,0.0,1.0
598,IR,2019-09-27 00:00:00+00:00,28.68,29.54,28.58,29.28,935049,28.68,29.54,28.58,29.28,935049,0.0,1.0
599,IR,2019-09-30 00:00:00+00:00,28.29,28.73,28.12,28.73,1756284,28.29,28.73,28.12,28.73,1756284,0.0,1.0
600,IR,2019-10-01 00:00:00+00:00,27.06,28.58,26.72,28.43,1882836,27.06,28.58,26.72,28.43,1882836,0.0,1.0
601,IR,2019-10-02 00:00:00+00:00,27.12,27.23,26.49,26.76,1861325,27.12,27.23,26.49,26.76,1861325,0.0,1.0
602,IR,2019-10-03 00:00:00+00:00,27.83,28.03,26.89,26.89,1514630,27.83,28.03,26.89,26.89,1514630,0.0,1.0
603,IR,2019-10-04 00:00:00+00:00,28.22,28.24,27.62,27.82,972770,28.22,28.24,27.62,27.82,972770,0.0,1.0
604,IR,2019-10-07 00:00:00+00:00,27.57,28.06,27.57,28.03,1030656,27.57,28.06,27.57,28.03,1030656,0.0,1.0
605,IR,2019-10-08 00:00:00+00:00,27.01,27.33,26.71,27.19,2736791,27.01,27.33,26.71,27.19,2736791,0.0,1.0
606,IR,2019-10-09 00:00:00+00:00,27.33,27.46,27.03,27.29,604314,27.33,27.46,27.03,27.29,604314,0.0,1.0
607,IR,2019-10-10 00:00:00+00:00,28.13,28.21,27.15,27.39,1477394,28.13,28.21,27.15,27.39,1477394,0.0,1.0
608,IR,2019-10-11 00:00:00+00:00,29.57,29.94,28.425,28.44,2271849,29.57,29.94,28.425,28.44,2271849,0.0,1.0
609,IR,2019-10-14 00:00:00+00:00,29.07,29.53,28.98,29.27,826020,29.07,29.53,28.98,29.27,826020,0.0,1.0
610,IR,2019-10-15 00:00:00+00:00,29.39,29.75,28.92,29.08,1417408,29.39,29.75,28.92,29.08,1417408,0.0,1.0
611,IR,2019-10-16 00:00:00+00:00,29.45,29.86,29.28,29.4,831572,29.45,29.86,29.28,29.4,831572,0.0,1.0
612,IR,2019-10-17 00:00:00+00:00,29.66,29.9,29.07,29.68,1193189,29.66,29.9,29.07,29.68,1193189,0.0,1.0
613,IR,2019-10-18 00:00:00+00:00,30.85,31.11,29.52,29.63,2546414,30.85,31.11,29.52,29.63,2546414,0.0,1.0
614,IR,2019-10-21 00:00:00+00:00,31.11,31.73,30.9,31.0,2456803,31.11,31.73,30.9,31.0,2456803,0.0,1.0
615,IR,2019-10-22 00:00:00+00:00,31.98,32.44,30.64,31.25,4137229,31.98,32.44,30.64,31.25,4137229,0.0,1.0
616,IR,2019-10-23 00:00:00+00:00,32.56,32.73,31.165,31.88,3298992,32.56,32.73,31.165,31.88,3298992,0.0,1.0
617,IR,2019-10-24 00:00:00+00:00,32.26,32.79,31.94,32.56,1526695,32.26,32.79,31.94,32.56,1526695,0.0,1.0
618,IR,2019-10-25 00:00:00+00:00,32.79,32.94,32.1,32.31,3739218,32.79,32.94,32.1,32.31,3739218,0.0,1.0
619,IR,2019-10-28 00:00:00+00:00,32.32,33.29,32.32,33.0,2550471,32.32,33.29,32.32,33.0,2550471,0.0,1.0
620,IR,2019-10-29 00:00:00+00:00,33.02,33.31,30.85,31.89,4255143,33.02,33.31,30.85,31.89,4255143,0.0,1.0
621,IR,2019-10-30 00:00:00+00:00,32.11,32.95,31.31,32.81,2745906,32.11,32.95,31.31,32.81,2745906,0.0,1.0
622,IR,2019-10-31 00:00:00+00:00,31.83,31.855,31.09,31.14,1708479,31.83,31.855,31.09,31.14,1708479,0.0,1.0
623,IR,2019-11-01 00:00:00+00:00,32.85,32.85,31.88,32.12,1331148,32.85,32.85,31.88,32.12,1331148,0.0,1.0
624,IR,2019-11-04 00:00:00+00:00,33.44,33.665,33.06,33.2,2389511,33.44,33.665,33.06,33.2,2389511,0.0,1.0
625,IR,2019-11-05 00:00:00+00:00,32.64,33.8,32.6,33.54,1455156,32.64,33.8,32.6,33.54,1455156,0.0,1.0
626,IR,2019-11-06 00:00:00+00:00,32.73,32.97,32.33,32.48,692305,32.73,32.97,32.33,32.48,692305,0.0,1.0
627,IR,2019-11-07 00:00:00+00:00,33.24,33.67,33.03,33.07,1027725,33.24,33.67,33.03,33.07,1027725,0.0,1.0
628,IR,2019-11-08 00:00:00+00:00,33.73,33.755,32.82,33.21,893699,33.73,33.755,32.82,33.21,893699,0.0,1.0
629,IR,2019-11-11 00:00:00+00:00,33.82,33.88,33.27,33.39,841168,33.82,33.88,33.27,33.39,841168,0.0,1.0
630,IR,2019-11-12 00:00:00+00:00,33.63,34.01,33.58,33.78,849768,33.63,34.01,33.58,33.78,849768,0.0,1.0
631,IR,2019-11-13 00:00:00+00:00,33.38,33.48,32.86,33.26,666255,33.38,33.48,32.86,33.26,666255,0.0,1.0
632,IR,2019-11-14 00:00:00+00:00,33.0,33.39,32.88,33.28,876363,33.0,33.39,32.88,33.28,876363,0.0,1.0
633,IR,2019-11-15 00:00:00+00:00,33.65,33.77,33.15,33.21,835615,33.65,33.77,33.15,33.21,835615,0.0,1.0
634,IR,2019-11-18 00:00:00+00:00,33.74,33.79,33.19,33.65,814243,33.74,33.79,33.19,33.65,814243,0.0,1.0
635,IR,2019-11-19 00:00:00+00:00,33.66,34.21,33.52,33.85,2363523,33.66,34.21,33.52,33.85,2363523,0.0,1.0
636,IR,2019-11-20 00:00:00+00:00,33.58,34.08,33.34,33.56,766683,33.58,34.08,33.34,33.56,766683,0.0,1.0
637,IR,2019-11-21 00:00:00+00:00,33.2,33.59,33.06,33.59,976743,33.2,33.59,33.06,33.59,976743,0.0,1.0
638,IR,2019-11-22 00:00:00+00:00,33.66,33.71,33.15,33.31,613833,33.66,33.71,33.15,33.31,613833,0.0,1.0
639,IR,2019-11-25 00:00:00+00:00,33.95,34.14,33.39,33.67,1081370,33.95,34.14,33.39,33.67,1081370,0.0,1.0
640,IR,2019-11-26 00:00:00+00:00,33.94,34.0,33.36,33.92,963420,33.94,34.0,33.36,33.92,963420,0.0,1.0
641,IR,2019-11-27 00:00:00+00:00,34.12,34.23,33.58,33.96,815615,34.12,34.23,33.58,33.96,815615,0.0,1.0
642,IR,2019-11-29 00:00:00+00:00,33.87,34.3,33.85,34.08,383683,33.87,34.3,33.85,34.08,383683,0.0,1.0
643,IR,2019-12-02 00:00:00+00:00,33.54,34.25,33.54,34.01,952036,33.54,34.25,33.54,34.01,952036,0.0,1.0
644,IR,2019-12-03 00:00:00+00:00,33.27,33.4,32.88,33.09,642311,33.27,33.4,32.88,33.09,642311,0.0,1.0
645,IR,2019-12-04 00:00:00+00:00,33.38,33.86,33.31,33.44,890248,33.38,33.86,33.31,33.44,890248,0.0,1.0
646,IR,2019-12-05 00:00:00+00:00,33.52,33.85,33.33,33.51,672811,33.52,33.85,33.33,33.51,672811,0.0,1.0
647,IR,2019-12-06 00:00:00+00:00,34.09,34.13,33.76,33.78,531836,34.09,34.13,33.76,33.78,531836,0.0,1.0
648,IR,2019-12-09 00:00:00+00:00,33.85,34.09,33.79,33.98,618147,33.85,34.09,33.79,33.98,618147,0.0,1.0
649,IR,2019-12-10 00:00:00+00:00,33.44,33.77,33.05,33.05,1121446,33.44,33.77,33.05,33.05,1121446,0.0,1.0
650,IR,2019-12-11 00:00:00+00:00,34.29,34.42,33.75,33.85,697334,34.29,34.42,33.75,33.85,697334,0.0,1.0
651,IR,2019-12-12 00:00:00+00:00,35.02,35.07,34.18,34.24,1253214,35.02,35.07,34.18,34.24,1253214,0.0,1.0
652,IR,2019-12-13 00:00:00+00:00,35.54,35.89,34.93,34.93,2092734,35.54,35.89,34.93,34.93,2092734,0.0,1.0
653,IR,2019-12-16 00:00:00+00:00,36.18,36.19,35.51,35.83,1340333,36.18,36.19,35.51,35.83,1340333,0.0,1.0
654,IR,2019-12-17 00:00:00+00:00,36.08,36.37,35.73,36.22,1779493,36.08,36.37,35.73,36.22,1779493,0.0,1.0
655,IR,2019-12-18 00:00:00+00:00,36.16,36.66,35.83,36.21,1757471,36.16,36.66,35.83,36.21,1757471,0.0,1.0
656,IR,2019-12-19 00:00:00+00:00,36.49,36.84,36.21,36.49,816012,36.49,36.84,36.21,36.49,816012,0.0,1.0
657,IR,2019-12-20 00:00:00+00:00,36.64,37.04,36.34,36.55,1967452,36.64,37.04,36.34,36.55,1967452,0.0,1.0
658,IR,2019-12-23 00:00:00+00:00,36.88,37.05,36.35,36.73,749632,36.88,37.05,36.35,36.73,749632,0.0,1.0
659,IR,2019-12-24 00:00:00+00:00,36.78,37.24,36.71,37.0,268533,36.78,37.24,36.71,37.0,268533,0.0,1.0
660,IR,2019-12-26 00:00:00+00:00,36.95,37.16,36.71,36.88,494366,36.95,37.16,36.71,36.88,494366,0.0,1.0
661,IR,2019-12-27 00:00:00+00:00,36.95,37.13,36.92,37.0,714344,36.95,37.13,36.92,37.0,714344,0.0,1.0
662,IR,2019-12-30 00:00:00+00:00,36.49,36.99,36.41,36.97,1058397,36.49,36.99,36.41,36.97,1058397,0.0,1.0
663,IR,2019-12-31 00:00:00+00:00,36.68,36.96,36.26,36.46,1035489,36.68,36.96,36.26,36.46,1035489,0.0,1.0
664,IR,2020-01-02 00:00:00+00:00,36.88,37.03,36.41,36.88,917086,36.88,37.03,36.41,36.88,917086,0.0,1.0
665,IR,2020-01-03 00:00:00+00:00,36.72,36.84,36.29,36.51,694531,36.72,36.84,36.29,36.51,694531,0.0,1.0
666,IR,2020-01-06 00:00:00+00:00,36.28,36.6,36.11,36.5,807321,36.28,36.6,36.11,36.5,807321,0.0,1.0
667,IR,2020-01-07 00:00:00+00:00,36.01,36.4,35.905,36.17,839463,36.01,36.4,35.905,36.17,839463,0.0,1.0
668,IR,2020-01-08 00:00:00+00:00,35.75,36.53,35.68,36.07,1131695,35.75,36.53,35.68,36.07,1131695,0.0,1.0
669,IR,2020-01-09 00:00:00+00:00,35.8,36.06,35.595,35.97,648790,35.8,36.06,35.595,35.97,648790,0.0,1.0
670,IR,2020-01-10 00:00:00+00:00,35.14,35.88,34.87,35.73,985709,35.14,35.88,34.87,35.73,985709,0.0,1.0
671,IR,2020-01-13 00:00:00+00:00,35.44,35.55,35.13,35.29,508758,35.44,35.55,35.13,35.29,508758,0.0,1.0
672,IR,2020-01-14 00:00:00+00:00,34.93,35.525,34.7775,35.35,911138,34.93,35.525,34.7775,35.35,911138,0.0,1.0
673,IR,2020-01-15 00:00:00+00:00,34.5,35.14,34.265,34.86,2566975,34.5,35.14,34.265,34.86,2566975,0.0,1.0
674,IR,2020-01-16 00:00:00+00:00,35.11,35.26,34.74,34.74,762364,35.11,35.26,34.74,34.74,762364,0.0,1.0
675,IR,2020-01-17 00:00:00+00:00,35.48,35.725,34.97,35.2,578873,35.48,35.725,34.97,35.2,578873,0.0,1.0
676,IR,2020-01-21 00:00:00+00:00,34.56,35.46,34.55,35.1,1096383,34.56,35.46,34.55,35.1,1096383,0.0,1.0
677,IR,2020-01-22 00:00:00+00:00,34.5,34.98,34.47,34.79,443550,34.5,34.98,34.47,34.79,443550,0.0,1.0
678,IR,2020-01-23 00:00:00+00:00,34.87,35.06,33.93,34.17,884221,34.87,35.06,33.93,34.17,884221,0.0,1.0
679,IR,2020-01-24 00:00:00+00:00,34.66,34.9,34.27,34.9,773834,34.66,34.9,34.27,34.9,773834,0.0,1.0
680,IR,2020-01-27 00:00:00+00:00,34.52,35.34,33.93,34.06,1406242,34.52,35.34,33.93,34.06,1406242,0.0,1.0
681,IR,2020-01-28 00:00:00+00:00,35.58,35.77,34.6,34.7,1315284,35.58,35.77,34.6,34.7,1315284,0.0,1.0
682,IR,2020-01-29 00:00:00+00:00,36.1,36.34,35.47,35.75,906413,36.1,36.34,35.47,35.75,906413,0.0,1.0
683,IR,2020-01-30 00:00:00+00:00,36.21,36.53,35.6,35.8,740491,36.21,36.53,35.6,35.8,740491,0.0,1.0
684,IR,2020-01-31 00:00:00+00:00,35.31,36.09,35.095,35.89,935962,35.31,36.09,35.095,35.89,935962,0.0,1.0
685,IR,2020-02-03 00:00:00+00:00,35.77,36.43,35.39,35.57,583127,35.77,36.43,35.39,35.57,583127,0.0,1.0
686,IR,2020-02-04 00:00:00+00:00,36.56,37.22,36.305,36.51,1085455,36.56,37.22,36.305,36.51,1085455,0.0,1.0
687,IR,2020-02-05 00:00:00+00:00,36.75,37.08,36.47,37.08,842241,36.75,37.08,36.47,37.08,842241,0.0,1.0
688,IR,2020-02-06 00:00:00+00:00,37.02,37.08,36.3,36.79,1151950,37.02,37.08,36.3,36.79,1151950,0.0,1.0
689,IR,2020-02-07 00:00:00+00:00,37.09,37.62,36.63,37.21,2812087,37.09,37.62,36.63,37.21,2812087,0.0,1.0
690,IR,2020-02-10 00:00:00+00:00,37.56,37.58,36.86,36.96,1764635,37.56,37.58,36.86,36.96,1764635,0.0,1.0
691,IR,2020-02-11 00:00:00+00:00,37.74,38.21,37.54,37.8,1271965,37.74,38.21,37.54,37.8,1271965,0.0,1.0
692,IR,2020-02-12 00:00:00+00:00,38.48,38.88,37.96,38.0,1770848,38.48,38.88,37.96,38.0,1770848,0.0,1.0
693,IR,2020-02-13 00:00:00+00:00,37.55,38.57,37.46,38.28,1065239,37.55,38.57,37.46,38.28,1065239,0.0,1.0
694,IR,2020-02-14 00:00:00+00:00,36.83,37.71,36.74,37.65,2220326,36.83,37.71,36.74,37.65,2220326,0.0,1.0
695,IR,2020-02-18 00:00:00+00:00,37.55,37.92,36.15,36.47,3619536,37.55,37.92,36.15,36.47,3619536,0.0,1.0
696,IR,2020-02-19 00:00:00+00:00,37.66,38.21,37.21,37.7,1948430,37.66,38.21,37.21,37.7,1948430,0.0,1.0
697,IR,2020-02-20 00:00:00+00:00,38.65,38.69,37.37,37.45,1833487,38.65,38.69,37.37,37.45,1833487,0.0,1.0
698,IR,2020-02-21 00:00:00+00:00,38.61,38.96,38.28,38.38,2869873,38.61,38.96,38.28,38.38,2869873,0.0,1.0
699,IR,2020-02-24 00:00:00+00:00,36.56,37.42,36.56,37.28,2042340,36.56,37.42,36.56,37.28,2042340,0.0,1.0
700,IR,2020-02-25 00:00:00+00:00,35.73,36.89,35.4,36.83,3193193,35.73,36.89,35.4,36.83,3193193,0.0,1.0
701,IR,2020-02-26 00:00:00+00:00,35.75,36.295,35.45,36.07,2791451,35.75,36.295,35.45,36.07,2791451,0.0,1.0
702,IR,2020-02-27 00:00:00+00:00,33.61,35.61,33.59,34.6,3235214,33.61,35.61,33.59,34.6,3235214,0.0,1.0
703,IR,2020-02-28 00:00:00+00:00,32.79,33.59,31.05,32.92,9109511,32.79,33.59,31.05,32.92,9109511,0.0,1.0
704,IR,2020-03-02 00:00:00+00:00,32.8,34.75,32.58,33.06,38189805,32.8,34.75,32.58,33.06,38189805,0.0,1.0
705,IR,2020-03-03 00:00:00+00:00,31.7,32.9,30.67,32.6,17867125,31.7,32.9,30.67,32.6,17867125,0.0,1.0
706,IR,2020-03-04 00:00:00+00:00,30.95,32.0,29.79,31.82,25202744,30.95,32.0,29.79,31.82,25202744,0.0,1.0
707,IR,2020-03-05 00:00:00+00:00,26.83,30.14,26.78,29.91,15758667,26.83,30.14,26.78,29.91,15758667,0.0,1.0
708,IR,2020-03-06 00:00:00+00:00,27.79,28.79,24.68,25.35,16995150,27.79,28.79,24.68,25.35,16995150,0.0,1.0
709,IR,2020-03-09 00:00:00+00:00,23.33,26.16,22.87,25.55,11306183,23.33,26.16,22.87,25.55,11306183,0.0,1.0
710,IR,2020-03-10 00:00:00+00:00,23.86,24.51,21.86,24.25,10318434,23.86,24.51,21.86,24.25,10318434,0.0,1.0
711,IR,2020-03-11 00:00:00+00:00,23.49,24.14,22.46,23.18,10683650,23.49,24.14,22.46,23.18,10683650,0.0,1.0
712,IR,2020-03-12 00:00:00+00:00,21.34,22.83,19.89,20.97,10576766,21.34,22.83,19.89,20.97,10576766,0.0,1.0
713,IR,2020-03-13 00:00:00+00:00,23.0,23.56,20.2045,22.44,8556235,23.0,23.56,20.2045,22.44,8556235,0.0,1.0
714,IR,2020-03-16 00:00:00+00:00,21.25,22.04,19.69,20.34,6441643,21.25,22.04,19.69,20.34,6441643,0.0,1.0
715,IR,2020-03-17 00:00:00+00:00,21.54,22.61,20.75,21.5,7718343,21.54,22.61,20.75,21.5,7718343,0.0,1.0
716,IR,2020-03-18 00:00:00+00:00,19.22,20.41,17.01,19.83,8292643,19.22,20.41,17.01,19.83,8292643,0.0,1.0
717,IR,2020-03-19 00:00:00+00:00,20.01,22.35,18.82,18.91,5737456,20.01,22.35,18.82,18.91,5737456,0.0,1.0
718,IR,2020-03-20 00:00:00+00:00,19.61,21.39,19.37,20.22,5899950,19.61,21.39,19.37,20.22,5899950,0.0,1.0
719,IR,2020-03-23 00:00:00+00:00,19.5,20.21,18.28,19.49,6477473,19.5,20.21,18.28,19.49,6477473,0.0,1.0
720,IR,2020-03-24 00:00:00+00:00,22.41,22.57,19.79,20.59,4696874,22.41,22.57,19.79,20.59,4696874,0.0,1.0
721,IR,2020-03-25 00:00:00+00:00,23.28,25.23,21.52,22.7,5175624,23.28,25.23,21.52,22.7,5175624,0.0,1.0
722,IR,2020-03-26 00:00:00+00:00,23.41,24.13,22.53,22.59,5518516,23.41,24.13,22.53,22.59,5518516,0.0,1.0
723,IR,2020-03-27 00:00:00+00:00,22.63,23.06,21.69,22.38,4304455,22.63,23.06,21.69,22.38,4304455,0.0,1.0
724,IR,2020-03-30 00:00:00+00:00,23.75,23.93,22.18,22.74,3760179,23.75,23.93,22.18,22.74,3760179,0.0,1.0
725,IR,2020-03-31 00:00:00+00:00,24.8,25.14,23.53,23.53,6458400,24.8,25.14,23.53,23.53,6458400,0.0,1.0
726,IR,2020-04-01 00:00:00+00:00,23.79,25.1,23.6,23.94,7902858,23.79,25.1,23.6,23.94,7902858,0.0,1.0
727,IR,2020-04-02 00:00:00+00:00,23.04,24.69,22.59,23.53,6383199,23.04,24.69,22.59,23.53,6383199,0.0,1.0
728,IR,2020-04-03 00:00:00+00:00,23.49,23.89,22.57,23.05,3826754,23.49,23.89,22.57,23.05,3826754,0.0,1.0
729,IR,2020-04-06 00:00:00+00:00,25.43,26.04,24.55,24.65,5045072,25.43,26.04,24.55,24.65,5045072,0.0,1.0
730,IR,2020-04-07 00:00:00+00:00,24.82,26.82,24.635,26.46,4253088,24.82,26.82,24.635,26.46,4253088,0.0,1.0
731,IR,2020-04-08 00:00:00+00:00,25.7,25.85,24.425,24.9,3251490,25.7,25.85,24.425,24.9,3251490,0.0,1.0
732,IR,2020-04-09 00:00:00+00:00,26.5,27.51,25.87,26.15,3299767,26.5,27.51,25.87,26.15,3299767,0.0,1.0
733,IR,2020-04-13 00:00:00+00:00,26.22,26.94,25.63,26.48,3164073,26.22,26.94,25.63,26.48,3164073,0.0,1.0
734,IR,2020-04-14 00:00:00+00:00,26.35,27.46,26.1,26.88,2551422,26.35,27.46,26.1,26.88,2551422,0.0,1.0
735,IR,2020-04-15 00:00:00+00:00,24.36,25.57,24.15,25.52,2595826,24.36,25.57,24.15,25.52,2595826,0.0,1.0
736,IR,2020-04-16 00:00:00+00:00,24.6,24.78,23.21,24.19,3761149,24.6,24.78,23.21,24.19,3761149,0.0,1.0
737,IR,2020-04-17 00:00:00+00:00,26.81,26.99,25.31,25.41,3811440,26.81,26.99,25.31,25.41,3811440,0.0,1.0
738,IR,2020-04-20 00:00:00+00:00,26.43,27.1219,25.63,26.25,4002871,26.43,27.1219,25.63,26.25,4002871,0.0,1.0
739,IR,2020-04-21 00:00:00+00:00,26.38,26.54,25.6,25.7,3146891,26.38,26.54,25.6,25.7,3146891,0.0,1.0
740,IR,2020-04-22 00:00:00+00:00,26.82,27.1,25.95,26.81,2641887,26.82,27.1,25.95,26.81,2641887,0.0,1.0
741,IR,2020-04-23 00:00:00+00:00,27.36,28.09,26.83,27.0,2991093,27.36,28.09,26.83,27.0,2991093,0.0,1.0
742,IR,2020-04-24 00:00:00+00:00,27.82,28.1,27.24,27.63,3126059,27.82,28.1,27.24,27.63,3126059,0.0,1.0
743,IR,2020-04-27 00:00:00+00:00,28.77,29.43,27.86,28.08,3505470,28.77,29.43,27.86,28.08,3505470,0.0,1.0
744,IR,2020-04-28 00:00:00+00:00,29.27,30.0,28.73,29.39,2800847,29.27,30.0,28.73,29.39,2800847,0.0,1.0
745,IR,2020-04-29 00:00:00+00:00,30.32,30.48,29.715,30.0,2131893,30.32,30.48,29.715,30.0,2131893,0.0,1.0
746,IR,2020-04-30 00:00:00+00:00,29.08,29.95,28.87,29.91,2507204,29.08,29.95,28.87,29.91,2507204,0.0,1.0
747,IR,2020-05-01 00:00:00+00:00,28.13,28.755,27.61,28.65,1507842,28.13,28.755,27.61,28.65,1507842,0.0,1.0
748,IR,2020-05-04 00:00:00+00:00,27.37,27.76,26.78,27.75,1763506,27.37,27.76,26.78,27.75,1763506,0.0,1.0
749,IR,2020-05-05 00:00:00+00:00,27.59,28.38,27.51,27.51,2074003,27.59,28.38,27.51,27.51,2074003,0.0,1.0
750,IR,2020-05-06 00:00:00+00:00,27.28,27.79,27.09,27.74,1515638,27.28,27.79,27.09,27.74,1515638,0.0,1.0
751,IR,2020-05-07 00:00:00+00:00,27.68,28.265,27.58,27.74,1705738,27.68,28.265,27.58,27.74,1705738,0.0,1.0
752,IR,2020-05-08 00:00:00+00:00,29.17,29.194,27.95,28.21,1869734,29.17,29.194,27.95,28.21,1869734,0.0,1.0
753,IR,2020-05-11 00:00:00+00:00,29.09,29.33,28.15,28.89,2877584,29.09,29.33,28.15,28.89,2877584,0.0,1.0
754,IR,2020-05-12 00:00:00+00:00,27.46,29.4,27.4,27.51,5601045,27.46,29.4,27.4,27.51,5601045,0.0,1.0
755,IR,2020-05-13 00:00:00+00:00,25.92,27.06,25.3675,27.03,4952192,25.92,27.06,25.3675,27.03,4952192,0.0,1.0
756,IR,2020-05-14 00:00:00+00:00,26.71,27.14,24.81,25.42,3223898,26.71,27.14,24.81,25.42,3223898,0.0,1.0
757,IR,2020-05-15 00:00:00+00:00,26.42,26.88,26.22,26.44,3029216,26.42,26.88,26.22,26.44,3029216,0.0,1.0
758,IR,2020-05-18 00:00:00+00:00,28.7,28.96,27.31,27.31,2445753,28.7,28.96,27.31,27.31,2445753,0.0,1.0
759,IR,2020-05-19 00:00:00+00:00,28.48,29.12,28.08,28.52,4321987,28.48,29.12,28.08,28.52,4321987,0.0,1.0
760,IR,2020-05-20 00:00:00+00:00,29.02,29.66,28.685,28.87,2766555,29.02,29.66,28.685,28.87,2766555,0.0,1.0
761,IR,2020-05-21 00:00:00+00:00,29.41,29.41,28.65,28.95,2218191,29.41,29.41,28.65,28.95,2218191,0.0,1.0
762,IR,2020-05-22 00:00:00+00:00,28.54,29.46,28.43,29.46,2312013,28.54,29.46,28.43,29.46,2312013,0.0,1.0
763,IR,2020-05-26 00:00:00+00:00,30.41,30.85,29.29,29.5,3931816,30.41,30.85,29.29,29.5,3931816,0.0,1.0
764,IR,2020-05-27 00:00:00+00:00,30.0,31.69,29.9,31.01,3433449,30.0,31.69,29.9,31.01,3433449,0.0,1.0
765,IR,2020-05-28 00:00:00+00:00,28.75,29.37,27.93,28.0,6700131,28.75,29.37,27.93,28.0,6700131,0.0,1.0
766,IR,2020-05-29 00:00:00+00:00,28.2,28.68,27.75,28.56,5718583,28.2,28.68,27.75,28.56,5718583,0.0,1.0
767,IR,2020-06-01 00:00:00+00:00,28.76,28.885,27.715,28.19,2916722,28.76,28.885,27.715,28.19,2916722,0.0,1.0
768,IR,2020-06-02 00:00:00+00:00,28.85,29.35,28.59,29.04,2427836,28.85,29.35,28.59,29.04,2427836,0.0,1.0
769,IR,2020-06-03 00:00:00+00:00,30.79,30.86,29.12,29.33,3020155,30.79,30.86,29.12,29.33,3020155,0.0,1.0
770,IR,2020-06-04 00:00:00+00:00,30.68,31.28,30.43,30.63,3246142,30.68,31.28,30.43,30.63,3246142,0.0,1.0
771,IR,2020-06-05 00:00:00+00:00,33.24,33.97,32.0,32.08,6281738,33.24,33.97,32.0,32.08,6281738,0.0,1.0
772,IR,2020-06-08 00:00:00+00:00,35.03,35.1,33.42,34.85,6190658,35.03,35.1,33.42,34.85,6190658,0.0,1.0
773,IR,2020-06-09 00:00:00+00:00,33.09,34.49,33.01,34.31,3333321,33.09,34.49,33.01,34.31,3333321,0.0,1.0
774,IR,2020-06-10 00:00:00+00:00,32.78,33.275,32.56,32.93,3277796,32.78,33.275,32.56,32.93,3277796,0.0,1.0
775,IR,2020-06-11 00:00:00+00:00,30.75,31.53,30.66,31.26,5547621,30.75,31.53,30.66,31.26,5547621,0.0,1.0
776,IR,2020-06-12 00:00:00+00:00,31.22,32.16,30.52,31.97,3081943,31.22,32.16,30.52,31.97,3081943,0.0,1.0
777,IR,2020-06-15 00:00:00+00:00,31.02,31.22,29.59,30.04,4265546,31.02,31.22,29.59,30.04,4265546,0.0,1.0
778,IR,2020-06-16 00:00:00+00:00,31.37,33.07,31.12,32.64,4575513,31.37,33.07,31.12,32.64,4575513,0.0,1.0
779,IR,2020-06-17 00:00:00+00:00,29.55,30.96,29.48,30.5,11688953,29.55,30.96,29.48,30.5,11688953,0.0,1.0
780,IR,2020-06-18 00:00:00+00:00,29.38,30.26,29.32,29.41,5165583,29.38,30.26,29.32,29.41,5165583,0.0,1.0
781,IR,2020-06-19 00:00:00+00:00,28.81,29.85,28.79,29.83,6945881,28.81,29.85,28.79,29.83,6945881,0.0,1.0
782,IR,2020-06-22 00:00:00+00:00,29.17,29.45,28.43,28.61,4126003,29.17,29.45,28.43,28.61,4126003,0.0,1.0
783,IR,2020-06-23 00:00:00+00:00,28.98,29.64,28.86,29.51,4871175,28.98,29.64,28.86,29.51,4871175,0.0,1.0
784,IR,2020-06-24 00:00:00+00:00,27.5,28.69,26.72,28.69,10711239,27.5,28.69,26.72,28.69,10711239,0.0,1.0
785,IR,2020-06-25 00:00:00+00:00,27.57,27.68,26.81,27.36,6608237,27.57,27.68,26.81,27.36,6608237,0.0,1.0
786,IR,2020-06-26 00:00:00+00:00,27.23,27.77,27.08,27.51,9657299,27.23,27.77,27.08,27.51,9657299,0.0,1.0
787,IR,2020-06-29 00:00:00+00:00,28.11,28.3,27.27,27.49,3721700,28.11,28.3,27.27,27.49,3721700,0.0,1.0
788,IR,2020-06-30 00:00:00+00:00,28.12,28.37,27.55,27.91,3384400,28.12,28.37,27.55,27.91,3384400,0.0,1.0
789,IR,2020-07-01 00:00:00+00:00,28.04,28.65,27.91,28.18,3287700,28.04,28.65,27.91,28.18,3287700,0.0,1.0
790,IR,2020-07-02 00:00:00+00:00,28.46,29.22,28.35,28.61,3861400,28.46,29.22,28.35,28.61,3861400,0.0,1.0
791,IR,2020-07-06 00:00:00+00:00,29.31,29.4,28.62,28.92,2797600,29.31,29.4,28.615,28.92,2797600,0.0,1.0
792,IR,2020-07-07 00:00:00+00:00,28.1,29.14,28.07,29.11,2380700,28.1,29.14,28.07,29.11,2380700,0.0,1.0
793,IR,2020-07-08 00:00:00+00:00,28.12,28.41,27.72,28.08,2630400,28.12,28.41,27.72,28.08,2630400,0.0,1.0
794,IR,2020-07-09 00:00:00+00:00,27.86,28.11,27.16,28.0,2904900,27.86,28.11,27.16,28.0,2904900,0.0,1.0
795,IR,2020-07-10 00:00:00+00:00,28.31,28.41,27.78,27.82,3594500,28.31,28.41,27.78,27.82,3594500,0.0,1.0
796,IR,2020-07-13 00:00:00+00:00,28.63,29.31,28.4,28.55,3655000,28.63,29.31,28.4,28.55,3655000,0.0,1.0
797,IR,2020-07-14 00:00:00+00:00,29.73,29.76,28.43,28.68,3045400,29.73,29.76,28.43,28.68,3045400,0.0,1.0
798,IR,2020-07-15 00:00:00+00:00,30.96,31.05,30.17,30.17,3462000,30.96,31.05,30.17,30.17,3462000,0.0,1.0
799,IR,2020-07-16 00:00:00+00:00,30.68,31.32,30.45,30.89,2676800,30.68,31.32,30.45,30.89,2676800,0.0,1.0
800,IR,2020-07-17 00:00:00+00:00,30.65,31.14,30.41,30.81,2905600,30.65,31.14,30.41,30.81,2905600,0.0,1.0
801,IR,2020-07-20 00:00:00+00:00,31.3,31.38,30.41,30.61,3138592,31.3,31.38,30.41,30.61,3138592,0.0,1.0
802,IR,2020-07-21 00:00:00+00:00,31.65,32.0,31.4,31.5,3143661,31.65,32.0,31.4,31.5,3143661,0.0,1.0
803,IR,2020-07-22 00:00:00+00:00,31.9,32.15,31.51,31.72,2453689,31.9,32.15,31.51,31.72,2453689,0.0,1.0
804,IR,2020-07-23 00:00:00+00:00,31.63,32.11,31.41,31.8,2109831,31.63,32.11,31.41,31.8,2109831,0.0,1.0
805,IR,2020-07-24 00:00:00+00:00,31.6,31.79,31.28,31.68,2427639,31.6,31.79,31.28,31.68,2427639,0.0,1.0
806,IR,2020-07-27 00:00:00+00:00,31.82,31.955,31.42,31.78,1862186,31.82,31.955,31.42,31.78,1862186,0.0,1.0
807,IR,2020-07-28 00:00:00+00:00,31.35,31.97,31.18,31.87,3074841,31.35,31.97,31.18,31.87,3074841,0.0,1.0
808,IR,2020-07-29 00:00:00+00:00,32.16,32.16,31.4,31.63,1957808,32.16,32.16,31.4,31.63,1957808,0.0,1.0
809,IR,2020-07-30 00:00:00+00:00,31.81,31.91,31.24,31.67,1929978,31.81,31.91,31.24,31.67,1929978,0.0,1.0
810,IR,2020-07-31 00:00:00+00:00,31.59,32.08,31.01,31.66,2658326,31.59,32.08,31.01,31.66,2658326,0.0,1.0
811,IR,2020-08-03 00:00:00+00:00,32.63,32.66,31.65,31.84,2974392,32.63,32.66,31.65,31.84,2974392,0.0,1.0
812,IR,2020-08-04 00:00:00+00:00,32.65,33.51,32.09,32.94,5173489,32.65,33.51,32.09,32.94,5173489,0.0,1.0
813,IR,2020-08-05 00:00:00+00:00,32.9,33.6,32.785,32.94,2362871,32.9,33.6,32.785,32.94,2362871,0.0,1.0
814,IR,2020-08-06 00:00:00+00:00,33.04,33.185,32.54,32.84,1848024,33.04,33.185,32.54,32.84,1848024,0.0,1.0
815,IR,2020-08-07 00:00:00+00:00,33.9,33.92,32.76,32.94,2916268,33.9,33.92,32.76,32.94,2916268,0.0,1.0
816,IR,2020-08-10 00:00:00+00:00,35.03,35.04,33.81,33.96,3477542,35.03,35.04,33.81,33.96,3477542,0.0,1.0
817,IR,2020-08-11 00:00:00+00:00,35.86,36.2425,35.36,35.36,3626044,35.86,36.2425,35.36,35.36,3626044,0.0,1.0
818,IR,2020-08-12 00:00:00+00:00,35.61,36.19,35.38,36.07,1977329,35.61,36.19,35.38,36.07,1977329,0.0,1.0
819,IR,2020-08-13 00:00:00+00:00,35.12,35.46,35.045,35.37,1710045,35.12,35.46,35.045,35.37,1710045,0.0,1.0
820,IR,2020-08-14 00:00:00+00:00,35.4,35.6,34.52,34.85,1572678,35.4,35.6,34.52,34.85,1572678,0.0,1.0
821,IR,2020-08-17 00:00:00+00:00,34.81,35.54,34.68,35.45,1595522,34.81,35.54,34.68,35.45,1595522,0.0,1.0
822,IR,2020-08-18 00:00:00+00:00,34.62,35.01,34.6,34.73,1917928,34.62,35.01,34.6,34.73,1917928,0.0,1.0
823,IR,2020-08-19 00:00:00+00:00,34.43,34.98,34.3,34.68,1362990,34.43,34.98,34.3,34.68,1362990,0.0,1.0
824,IR,2020-08-20 00:00:00+00:00,34.63,34.7,33.83,34.0,1647595,34.63,34.7,33.83,34.0,1647595,0.0,1.0
825,IR,2020-08-21 00:00:00+00:00,34.71,34.92,34.43,34.6,1364697,34.71,34.92,34.43,34.6,1364697,0.0,1.0
826,IR,2020-08-24 00:00:00+00:00,35.44,35.45,34.71,34.94,1304527,35.44,35.45,34.71,34.94,1304527,0.0,1.0
827,IR,2020-08-25 00:00:00+00:00,35.24,35.64,34.94,35.56,1303484,35.24,35.64,34.94,35.56,1303484,0.0,1.0
828,IR,2020-08-26 00:00:00+00:00,35.16,35.39,34.89,35.17,1202768,35.16,35.39,34.89,35.17,1202768,0.0,1.0
829,IR,2020-08-27 00:00:00+00:00,35.29,35.505,35.08,35.39,1421594,35.29,35.505,35.08,35.39,1421594,0.0,1.0
830,IR,2020-08-28 00:00:00+00:00,35.76,35.84,35.205,35.39,2421091,35.76,35.84,35.205,35.39,2421091,0.0,1.0
831,IR,2020-08-31 00:00:00+00:00,35.06,35.84,35.06,35.84,1779889,35.06,35.84,35.06,35.84,1779889,0.0,1.0
832,IR,2020-09-01 00:00:00+00:00,36.21,36.23,34.6,34.92,1895434,36.21,36.23,34.6,34.92,1895434,0.0,1.0
833,IR,2020-09-02 00:00:00+00:00,36.1,36.355,35.68,36.26,2314723,36.1,36.355,35.68,36.26,2314723,0.0,1.0
834,IR,2020-09-03 00:00:00+00:00,35.39,36.34,35.03,36.1,2030568,35.39,36.34,35.03,36.1,2030568,0.0,1.0
835,IR,2020-09-04 00:00:00+00:00,35.31,36.2,35.19,35.89,2199129,35.31,36.2,35.19,35.89,2199129,0.0,1.0
836,IR,2020-09-08 00:00:00+00:00,34.47,35.11,34.05,35.07,3055657,34.47,35.11,34.05,35.07,3055657,0.0,1.0
837,IR,2020-09-09 00:00:00+00:00,35.42,35.67,34.66,34.86,2028048,35.42,35.67,34.66,34.86,2028048,0.0,1.0
838,IR,2020-09-10 00:00:00+00:00,35.03,35.7619,34.96,35.42,2172232,35.03,35.7619,34.96,35.42,2172232,0.0,1.0
839,IR,2020-09-11 00:00:00+00:00,35.98,36.105,35.03,35.23,2233062,35.98,36.105,35.03,35.23,2233062,0.0,1.0
840,IR,2020-09-14 00:00:00+00:00,36.32,36.39,35.82,36.01,1947815,36.32,36.39,35.82,36.01,1947815,0.0,1.0
841,IR,2020-09-15 00:00:00+00:00,36.33,36.6,35.99,36.37,1992955,36.33,36.6,35.99,36.37,1992955,0.0,1.0
842,IR,2020-09-16 00:00:00+00:00,36.93,37.39,36.46,36.56,2970576,36.93,37.39,36.46,36.56,2970576,0.0,1.0
843,IR,2020-09-17 00:00:00+00:00,37.19,37.63,36.1,36.5,3151651,37.19,37.63,36.1,36.5,3151651,0.0,1.0
844,IR,2020-09-18 00:00:00+00:00,35.9,37.34,35.82,37.06,8420073,35.9,37.34,35.82,37.06,8420073,0.0,1.0
845,IR,2020-09-21 00:00:00+00:00,34.66,35.44,34.02,35.14,2535990,34.66,35.44,34.02,35.14,2535990,0.0,1.0
846,IR,2020-09-22 00:00:00+00:00,35.1,35.205,34.48,34.53,2757111,35.1,35.205,34.48,34.53,2757111,0.0,1.0
847,IR,2020-09-23 00:00:00+00:00,35.03,35.7869,35.01,35.23,2097203,35.03,35.7869,35.01,35.23,2097203,0.0,1.0
848,IR,2020-09-24 00:00:00+00:00,35.37,35.97,34.2,35.19,2025245,35.37,35.97,34.2,35.19,2025245,0.0,1.0
849,IR,2020-09-25 00:00:00+00:00,35.37,35.615,34.84,35.04,1787231,35.37,35.615,34.84,35.04,1787231,0.0,1.0
850,IR,2020-09-28 00:00:00+00:00,36.05,36.77,35.8801,36.03,2406113,36.05,36.77,35.8801,36.03,2406113,0.0,1.0
851,IR,2020-09-29 00:00:00+00:00,35.87,36.55,35.67,36.18,1482326,35.87,36.55,35.67,36.18,1482326,0.0,1.0
852,IR,2020-09-30 00:00:00+00:00,35.6,36.4254,35.21,35.91,2069361,35.6,36.4254,35.21,35.91,2069361,0.0,1.0
853,IR,2020-10-01 00:00:00+00:00,35.57,36.09,35.13,35.89,1420802,35.57,36.09,35.13,35.89,1420802,0.0,1.0
854,IR,2020-10-02 00:00:00+00:00,36.08,36.58,34.86,34.99,1920678,36.08,36.58,34.86,34.99,1920678,0.0,1.0
855,IR,2020-10-05 00:00:00+00:00,36.91,37.11,36.45,36.59,2247579,36.91,37.11,36.45,36.59,2247579,0.0,1.0
856,IR,2020-10-06 00:00:00+00:00,36.45,37.43,36.38,37.01,2281033,36.45,37.43,36.38,37.01,2281033,0.0,1.0
857,IR,2020-10-07 00:00:00+00:00,36.66,37.15,36.44,36.92,4214816,36.66,37.15,36.44,36.92,4214816,0.0,1.0
858,IR,2020-10-08 00:00:00+00:00,37.23,37.31,36.49,36.9,2165816,37.23,37.31,36.49,36.9,2165816,0.0,1.0
859,IR,2020-10-09 00:00:00+00:00,37.13,37.78,37.1,37.58,1914868,37.13,37.78,37.1,37.58,1914868,0.0,1.0
860,IR,2020-10-12 00:00:00+00:00,37.21,37.41,36.905,37.3,2034763,37.21,37.41,36.905,37.3,2034763,0.0,1.0
861,IR,2020-10-13 00:00:00+00:00,37.53,37.64,37.06,37.09,2597583,37.53,37.64,37.06,37.09,2597583,0.0,1.0
862,IR,2020-10-14 00:00:00+00:00,37.37,38.1,37.3,37.57,2631859,37.37,38.1,37.3,37.57,2631859,0.0,1.0
863,IR,2020-10-15 00:00:00+00:00,37.07,37.15,36.31,36.56,2636405,37.07,37.15,36.31,36.56,2636405,0.0,1.0
864,IR,2020-10-16 00:00:00+00:00,37.22,37.98,37.205,37.46,1611814,37.22,37.98,37.205,37.46,1611814,0.0,1.0
865,IR,2020-10-19 00:00:00+00:00,36.6,37.46,36.52,37.16,2084406,36.6,37.46,36.52,37.16,2084406,0.0,1.0
866,IR,2020-10-20 00:00:00+00:00,37.24,37.7939,36.935,36.94,1937450,37.24,37.7939,36.935,36.94,1937450,0.0,1.0
867,IR,2020-10-21 00:00:00+00:00,37.26,37.91,37.245,37.28,1648921,37.26,37.91,37.245,37.28,1648921,0.0,1.0
868,IR,2020-10-22 00:00:00+00:00,37.93,38.045,37.07,37.17,1392454,37.93,38.045,37.07,37.17,1392454,0.0,1.0
869,IR,2020-10-23 00:00:00+00:00,38.27,38.38,37.46,38.18,1827369,38.27,38.38,37.46,38.18,1827369,0.0,1.0
870,IR,2020-10-26 00:00:00+00:00,36.56,37.75,36.025,37.75,2390299,36.56,37.75,36.025,37.75,2390299,0.0,1.0
871,IR,2020-10-27 00:00:00+00:00,36.1,36.8,35.94,36.5,1882026,36.1,36.8,35.94,36.5,1882026,0.0,1.0
872,IR,2020-10-28 00:00:00+00:00,35.24,35.9,35.15,35.35,1918041,35.24,35.9,35.15,35.35,1918041,0.0,1.0
873,IR,2020-10-29 00:00:00+00:00,35.08,35.46,34.69,35.06,1865345,35.08,35.46,34.69,35.06,1865345,0.0,1.0
874,IR,2020-10-30 00:00:00+00:00,34.94,35.28,34.37,34.95,2369313,34.94,35.28,34.37,34.95,2369313,0.0,1.0
875,IR,2020-11-02 00:00:00+00:00,35.98,36.13,35.36,35.56,2145461,35.98,36.13,35.36,35.56,2145461,0.0,1.0
876,IR,2020-11-03 00:00:00+00:00,38.75,38.99,36.04,36.32,3722004,38.75,38.99,36.04,36.32,3722004,0.0,1.0
877,IR,2020-11-04 00:00:00+00:00,38.07,38.72,37.0,38.69,3710881,38.07,38.72,37.0,38.69,3710881,0.0,1.0
